date,open,high,low,close,volume
2023-01-01 00:00:00,39998.192392119716,40432.03600617269,39831.83271964847,40003.97371322409,3106.3853330462143
2023-01-01 01:00:00,40003.05898745967,40142.49337247154,39890.51193561357,40003.01076481578,5937.570137626559
2023-01-01 02:00:00,39977.96312963836,40997.8421505129,38768.94651372346,40008.47858760987,5829.474841931748
2023-01-01 03:00:00,40010.506081550186,40331.976823210985,39911.92562820451,40021.09225441694,3760.7416051465275
2023-01-01 04:00:00,40030.89208354718,40096.16264149316,39957.00762772025,40019.791516318655,1980.4878441791748
2023-01-01 05:00:00,40090.687898300755,40272.996565164336,39987.782904885295,40018.633900494126,4508.363814367953
2023-01-01 06:00:00,39993.15286217489,40339.95631749848,39666.509619386896,40032.12598629494,6060.20990749888
2023-01-01 07:00:00,40054.97869345659,41179.73500912642,39982.75009403154,40039.266645910604,3230.924095110882
2023-01-01 08:00:00,40020.268409087425,40328.194495316355,39935.516472102085,40036.65470874051,4177.5800676178
2023-01-01 09:00:00,40042.28987471922,40050.63944739854,39747.906719759674,40042.28158336747,5155.190683858979
2023-01-01 10:00:00,40005.2831188661,40474.84607515143,39804.59956527526,40040.00301531784,3654.129076526785
2023-01-01 11:00:00,40018.78129649,40611.470573199,39846.534123657824,40037.84815551347,5193.589911367544
2023-01-01 12:00:00,40035.99627282838,40307.56918394512,39965.65843511468,40041.49684486014,5265.362349399628
2023-01-01 13:00:00,39930.424314061514,40090.691165793905,39266.664219599996,40028.0453979904,5926.2154022415925
2023-01-01 14:00:00,40065.7077347226,40134.20739069427,39863.790078224956,40016.24242808599,4382.34810456565
2023-01-01 15:00:00,40038.52122889707,40343.03902778439,39978.6094518912,40013.8818348728,4549.810735148589
2023-01-01 16:00:00,40032.111081150135,40032.721040751494,40007.08794006087,40008.05796668901,4449.463150508416
2023-01-01 17:00:00,39992.65931291384,40157.35621222693,39549.88678043826,40012.991522334465,6452.467534470746
2023-01-01 18:00:00,40020.30887292303,40182.98491146211,39710.53952501314,40008.287408384866,6039.111787420268
2023-01-01 19:00:00,40026.508263981144,40091.47455808983,39905.51443979235,39999.68924764492,5817.889658025028
2023-01-01 20:00:00,39978.159648051165,40276.22746771982,39639.13937731319,40014.254568581215,3810.588107132672
2023-01-01 21:00:00,39979.389281631586,40854.68690309301,39547.37257132535,40015.42800579942,5603.187431082343
2023-01-01 22:00:00,40012.57221064454,40036.90729049176,39576.12066388951,40019.087034121185,5740.824345420126
2023-01-01 23:00:00,40001.80012897378,40419.30922333518,38949.49271090036,40010.94662798561,4808.972237399831
2023-01-02 00:00:00,40041.3795350609,40078.56312838578,39502.45725961318,40009.98752728824,5022.465892812046
2023-01-02 01:00:00,39967.15931272484,40502.31789095794,39653.92748682375,40014.4088394795,5718.185725707935
2023-01-02 02:00:00,40009.65720533936,40245.73622025224,39801.229406471975,40008.87236498545,4645.9592890589765
2023-01-02 03:00:00,40019.76237151011,40730.857691621146,39446.86032443631,40015.68652192862,3532.4747342475603
2023-01-02 04:00:00,40016.862886304465,40039.71929000216,39982.659557642866,40014.82662373741,4776.797745365195
2023-01-02 05:00:00,39952.51175416562,41004.461560901895,39829.39236579405,40016.57444740347,3356.8111888458325
2023-01-02 06:00:00,40082.46319169172,40085.40275018561,39983.5090577145,40015.97783836085,3739.8352348274198
2023-01-02 07:00:00,40020.127227180565,40191.94778924384,39387.60729633061,40035.14826989716,5557.691060725125
2023-01-02 08:00:00,40049.39707141689,40492.83685780143,39024.7431622188,40039.52713665155,6580.5406865683735
2023-01-02 09:00:00,40003.22315591264,41057.84549364669,39813.011848488255,40035.686392940814,5466.358374446335
2023-01-02 10:00:00,40043.97962805621,40299.95542297938,39923.969995522944,40047.02124031325,4164.857098369977
2023-01-02 11:00:00,39977.76776230227,40351.28538274204,36591.48105656189,40042.14195336302,5006.799844559998
2023-01-02 12:00:00,40034.51744118355,40076.291363160424,39825.54679770107,40048.832713125754,2788.1380886704933
2023-01-02 13:00:00,39981.294157747754,40365.73519562615,39454.2155826866,40038.30699136009,5588.553269770719
2023-01-02 14:00:00,40051.46645675894,42641.678116658324,38288.71078741147,40032.96431491036,5189.706167610396
2023-01-02 15:00:00,40057.005062640535,40067.15558091864,39699.89091884468,40039.952559109035,5487.872284871074
2023-01-02 16:00:00,40043.75757858575,41091.69379866804,38174.546866610115,40051.40354338618,4043.5636231819913
2023-01-02 17:00:00,40117.898362237596,40252.489919819745,39939.96164067856,40058.44697899781,4999.291405423354
2023-01-02 18:00:00,40087.54173850125,40971.559858182896,39610.36912230398,40063.32284581623,4529.957852240498
2023-01-02 19:00:00,40049.34496370074,40080.93302906216,39601.98238541562,40066.84294477557,4752.974299254003
2023-01-02 20:00:00,40035.12965228082,40274.7356819084,39983.09841533442,40061.07087044795,4350.626961678574
2023-01-02 21:00:00,40118.36609332769,40754.01548238105,38085.448018347946,40061.494675121576,6007.513689836922
2023-01-02 22:00:00,40095.79356710297,41176.556666509394,39574.45519499611,40064.11784992295,3788.828070719219
2023-01-02 23:00:00,40079.580145984684,40638.36544384579,39840.58005420629,40079.00809558332,5686.318456956701
2023-01-03 00:00:00,40111.74266680069,40279.5476168653,39955.5063510522,40088.31453542093,6617.212574968624
2023-01-03 01:00:00,40044.86709724208,40192.17665948768,40029.04649960068,40080.89116286184,5921.650111924459
2023-01-03 02:00:00,40150.87009037256,40299.28127386087,40089.05112275179,40090.28745483016,3747.606555586881
2023-01-03 03:00:00,40129.69127209031,40252.38124396569,39334.76932289682,40094.132291743874,5198.948146796494
2023-01-03 04:00:00,40111.973983350974,40544.77866037421,39720.65122372128,40095.763476481254,5680.2161054504495
2023-01-03 05:00:00,40036.48841391852,40413.59547441237,39554.20127050765,40107.82369115714,4918.4773268983545
2023-01-03 06:00:00,40103.80865489821,40311.87975207233,40094.28016594934,40123.35790095571,3912.7540611371974
2023-01-03 07:00:00,40165.48174766119,41166.841399360215,39557.413894669924,40138.212918178964,5462.591292853951
2023-01-03 08:00:00,40111.82487601601,41793.393214770884,38752.475102207056,40139.021658271,4535.595737690613
2023-01-03 09:00:00,40175.63584836511,40268.952041278004,39922.52223560221,40144.187273052536,6422.3698616985075
2023-01-03 10:00:00,40193.89829193241,40313.04474980803,39025.85267474873,40154.59264564535,4169.555593443435
2023-01-03 11:00:00,40187.07449791775,40775.45244842657,39897.214478111295,40170.26732953444,3496.919698240182
2023-01-03 12:00:00,40134.32190610181,40498.961556735056,39922.84576753112,40174.41841134343,6995.667489783964
2023-01-03 13:00:00,40205.4096100801,40663.253622951874,38845.19718492735,40181.030852122254,5887.655425873836
2023-01-03 14:00:00,40252.5224877401,40311.80965320915,40052.126277442534,40180.39019497709,5665.924252054461
2023-01-03 15:00:00,40212.84984664374,40421.96273633378,39990.0006000111,40179.1419371985,3899.845767028305
2023-01-03 16:00:00,40225.38259505106,40387.11690702658,39602.4642338994,40194.073963615934,4994.403981170954
2023-01-03 17:00:00,40169.56409495874,40421.66612012075,39795.47023499803,40213.46517011755,5849.102110743144
2023-01-03 18:00:00,40218.65904153578,40580.47967721598,40134.23018273099,40221.53887362771,5890.383163519786
2023-01-03 19:00:00,40258.47039118955,40281.51091574929,40235.05486491739,40238.324441455894,4339.678860526553
2023-01-03 20:00:00,40267.025562073606,40543.814708785,39954.15624963809,40250.08136680871,2846.6570801287558
2023-01-03 21:00:00,40234.61471120925,41015.973821646476,39622.06944388529,40253.88978138661,4607.9873600808705
2023-01-03 22:00:00,40290.69912009751,40874.18356685522,39099.89569019104,40265.85484809145,6211.9439853864005
2023-01-03 23:00:00,40272.45936417203,40317.52008152469,39898.55871872333,40287.33655656348,5408.652811480671
2023-01-04 00:00:00,40241.82220635393,41559.27580288027,39318.738293002316,40296.32985437649,4370.736606307211
2023-01-04 01:00:00,40296.62580179067,42429.792533206746,38915.77125573338,40318.228367537675,6235.811620006939
2023-01-04 02:00:00,40284.652507547726,40326.86247578758,40221.59096996139,40306.75218773505,6117.398815902461
2023-01-04 03:00:00,40308.40163898771,41871.93651871448,39825.41064068732,40322.90855719361,5260.280506582886
2023-01-04 04:00:00,40294.67935495614,40600.55583997273,40256.85549610988,40333.28439501555,5032.796995411586
2023-01-04 05:00:00,40331.374526251995,40906.26662845363,39786.604980753036,40340.66904521155,6035.249334723752
2023-01-04 06:00:00,40313.76906738316,42580.985962141094,39345.284938913224,40351.27601666327,4916.5620302096395
2023-01-04 07:00:00,40308.15069744892,41519.70118519902,40065.704156717955,40345.34344822057,5069.34433703625
2023-01-04 08:00:00,40360.78343538144,40679.22177717717,40195.41036145631,40353.648068136026,6673.452090298537
2023-01-04 09:00:00,40314.2001299487,41264.595233764936,39436.10782757008,40366.65988373104,3851.7367112473817
2023-01-04 10:00:00,40450.844889228116,41193.28230652303,39781.90461867947,40388.729772566745,6017.661466843502
2023-01-04 11:00:00,40417.197904639055,40491.902958957704,40309.22557342473,40394.921064032074,3673.527871688917
2023-01-04 12:00:00,40446.13030045973,40640.24287011245,40362.08957737812,40398.880174502345,3468.892497444278
2023-01-04 13:00:00,40428.49586645607,40454.34078601747,39938.13055044291,40405.381667188056,4665.92276902006
2023-01-04 14:00:00,40382.08959570088,40434.05852854564,40302.5030172763,40423.30780111766,5225.307922040942
2023-01-04 15:00:00,40431.310659638715,40683.489886011615,40300.78434366211,40436.6269679464,3393.4228992613207
2023-01-04 16:00:00,40499.03352597614,42327.8102816233,39467.106499169124,40443.16315328289,4497.025229448657
2023-01-04 17:00:00,40470.03128940322,40520.007967065816,40291.02556712046,40458.127532068575,4309.458947683741
2023-01-04 18:00:00,40436.18150699066,40519.6621506158,39905.40045355988,40469.84522301081,5682.05206571262
2023-01-04 19:00:00,40465.13158575204,40776.93935385544,39863.345415360076,40488.617139362315,5472.002270919274
2023-01-04 20:00:00,40524.17826669342,40553.843719572746,40417.96943837784,40494.10400759975,5869.1560643892735
2023-01-04 21:00:00,40471.750265262686,40529.93331533466,39980.60558529521,40502.66538693473,4790.686180420638
2023-01-04 22:00:00,40606.55176607799,41289.843815081105,39310.18692406643,40510.78942522039,5303.818595604876
2023-01-04 23:00:00,40501.066782806454,41360.018701217894,39718.49642485465,40510.41927640773,5692.918623031611
2023-01-05 00:00:00,40593.878531723305,41572.28432093215,40147.74265899736,40524.202113941916,4450.44286409142
2023-01-05 01:00:00,40522.085753749816,40569.42696031157,40504.39216541381,40537.77917054114,3080.326843802344
2023-01-05 02:00:00,40521.41422863635,40554.91620702003,40505.21344220358,40549.382263804844,3743.4931057207436
2023-01-05 03:00:00,40547.82565680963,40743.68620421269,40026.45046292462,40559.14015339856,5340.051294568891
2023-01-05 04:00:00,40598.79211107235,40752.146750522224,40276.13342270727,40559.52300306225,3914.849473442202
2023-01-05 05:00:00,40687.57237834185,41521.13926393285,39663.113812901145,40567.93371118789,3677.5420432564297
2023-01-05 06:00:00,40599.243129362585,40813.88631458888,40477.33527852148,40577.03674556983,4874.5457399971
2023-01-05 07:00:00,40586.01673680611,41176.62498353006,40521.375871895994,40582.53098121714,4148.593565739687
2023-01-05 08:00:00,40714.40094960535,40766.67444934482,40548.62073180873,40593.219675125525,5921.801501977252
2023-01-05 09:00:00,40625.555814787505,40863.456167775345,39802.2807681686,40608.49640918048,3869.1115646740845
2023-01-05 10:00:00,40598.050252034,40849.52641256808,40244.42267247703,40635.694392522935,4582.633186394915
2023-01-05 11:00:00,40688.92873118844,40909.26939438776,40350.41023401834,40649.262501210724,5054.934110999849
2023-01-05 12:00:00,40612.380916565664,40788.79257611963,40434.36142034665,40663.556201731066,7426.716486345522
2023-01-05 13:00:00,40619.21962191764,40874.17645290113,40259.473081787546,40675.254564453266,7088.442772869925
2023-01-05 14:00:00,40595.7970102164,43086.00948912404,40093.151691567335,40672.25777941458,4131.707268123633
2023-01-05 15:00:00,40577.223364076315,40685.92574974049,40434.61397957571,40684.457330498306,5924.27013953783
2023-01-05 16:00:00,40700.89518083505,41464.60994493305,40486.65025815665,40697.407935472576,4104.653677636976
2023-01-05 17:00:00,40689.07936085814,40946.09968542769,40403.69931100695,40729.63856196238,4765.379430042586
2023-01-05 18:00:00,40681.66251875382,40750.01609341953,40680.09830165114,40740.67911674868,7620.793091029975
2023-01-05 19:00:00,40815.398123494684,41718.93141276054,40501.361172774494,40755.724519304655,6758.620484195133
2023-01-05 20:00:00,40783.997554259644,40800.11440832355,40396.900357572784,40768.132260700186,6096.469233810883
2023-01-05 21:00:00,40717.73180364033,40875.07948142996,40309.55510841857,40771.51951638184,4936.475425384645
2023-01-05 22:00:00,40774.79394683895,40836.68280408484,40716.21492571832,40793.448858518655,5848.430882205284
2023-01-05 23:00:00,40787.539165566224,41199.79734074684,38586.57704077046,40812.300000006275,4508.097552493795
2023-01-06 00:00:00,40856.81544653422,41830.47633287664,39008.40740615303,40831.51169138298,4375.654610286776
2023-01-06 01:00:00,40812.470571696525,41169.567172229516,40677.273854733874,40837.16663033108,6274.875041278722
2023-01-06 02:00:00,40814.87708505063,40968.64693873849,40811.404865855184,40861.36447388658,5598.79438956191
2023-01-06 03:00:00,40833.16878800237,40907.95626667782,40583.39756084222,40863.16945635227,6455.822322146767
2023-01-06 04:00:00,40913.184630392054,40961.47024445023,40068.47795243249,40880.92726135037,5409.762795959497
2023-01-06 05:00:00,40968.969920402975,41460.69087745638,40599.40082267765,40911.55587146187,4520.507032600756
2023-01-06 06:00:00,40935.72945600991,40983.61195573391,40841.22333746091,40916.77742683445,6699.957374576381
2023-01-06 07:00:00,40933.234484568144,41758.82725360443,40019.83964493779,40925.43264051894,5397.927049946809
2023-01-06 08:00:00,40930.52739016863,42195.17311809104,39964.4966418109,40939.45407008822,3910.3669626576116
2023-01-06 09:00:00,40933.516164817236,41852.045079809795,40923.478270796804,40948.68798534245,5902.277173786647
2023-01-06 10:00:00,41011.794824057855,41391.54049539607,40183.40110934078,40949.58078429241,4342.165446147863
2023-01-06 11:00:00,40918.733276495885,41586.712699858464,40798.4309183924,40963.4626700629,5553.251219984783
2023-01-06 12:00:00,40931.662275100185,41543.60769231267,40018.17270116544,40968.33179337682,5463.206292099123
2023-01-06 13:00:00,41020.28402055526,42401.52003632242,40366.58230647857,40985.521158415984,5625.630933646001
2023-01-06 14:00:00,41015.45656976763,41164.230517213626,40683.79260590647,40991.59837048873,3991.445315923792
2023-01-06 15:00:00,41031.80310359465,43551.195761742194,40863.95351740701,41017.461346294804,4736.551783917751
2023-01-06 16:00:00,41012.297313541385,41208.267622714804,40604.475231300865,41024.688636111896,5335.058029084117
2023-01-06 17:00:00,41054.89089677852,41453.33071587487,40839.26781991726,41035.63420361952,5612.468794013603
2023-01-06 18:00:00,41045.67118673544,41088.50629807136,40933.391577885035,41055.69207950523,5333.859966568534
2023-01-06 19:00:00,41103.83824006982,42646.24934022605,40328.22687076294,41059.42152400765,6328.933319535409
2023-01-06 20:00:00,41119.65498317009,41759.07803676551,40749.5471546822,41074.84313334403,5249.308595641729
2023-01-06 21:00:00,41104.88146820892,41125.41514550489,40797.047745923584,41098.926733771856,6563.413358832108
2023-01-06 22:00:00,41162.69670005728,41498.97715423583,40158.34236763448,41099.71682050812,5367.649292991422
2023-01-06 23:00:00,41140.58399056402,42669.24259739603,40091.958691507374,41114.866312074875,5123.547695955583
2023-01-07 00:00:00,41109.83756022085,42832.848957444454,38728.04158067813,41130.639245463426,6962.587190530795
2023-01-07 01:00:00,41192.23045966124,41196.310669840575,41148.349813311645,41150.608140642405,4514.694164632132
2023-01-07 02:00:00,41223.792117573445,41794.057513508094,40263.089490890445,41154.44628794591,6987.061111699441
2023-01-07 03:00:00,41143.84135899212,41307.26047801151,40464.56426741979,41157.634837409794,5853.975976552224
2023-01-07 04:00:00,41194.656213396265,41209.52284991344,40984.89359859696,41175.58003944303,2470.439922305697
2023-01-07 05:00:00,41201.68255149986,41482.939241392894,41097.34183029519,41191.74208059838,4795.528779013878
2023-01-07 06:00:00,41272.368003488926,41946.28477437714,40989.31919047774,41207.54771810062,4926.052434391608
2023-01-07 07:00:00,41232.1753121896,41514.54850615971,40803.11089861007,41224.135575807355,5622.711223900269
2023-01-07 08:00:00,41199.361313816735,41697.341794229906,40871.48285783777,41232.525283713,5253.165238037981
2023-01-07 09:00:00,41246.83946036437,41555.97397008833,40897.343269954785,41248.22591902698,4803.533416571903
2023-01-07 10:00:00,41233.61775519229,41294.45764850708,40970.51769545266,41264.424881291096,4508.846252857896
2023-01-07 11:00:00,41262.00211816479,41329.3636592742,41247.47821066383,41272.57531629416,5479.441518086064
2023-01-07 12:00:00,41274.54052193224,42170.539157893036,40521.7934994208,41301.37672034608,4512.7970788050725
2023-01-07 13:00:00,41287.236154584854,41695.989738745964,41154.58659278641,41319.05166182347,5181.426620113972
2023-01-07 14:00:00,41300.37907815638,41526.51486950979,40844.6538933059,41323.41370158678,4968.560829625224
2023-01-07 15:00:00,41366.2604928241,42619.08929548097,41090.27695171189,41342.56591842549,5301.107339191742
2023-01-07 16:00:00,41460.028088102874,41513.206881901206,41196.032037553654,41348.67471513404,4904.535752910927
2023-01-07 17:00:00,41365.5489358188,42593.16455154006,40020.26708863311,41368.883257438036,4450.459725404465
2023-01-07 18:00:00,41365.761614021634,41560.15239690815,41334.70911375519,41392.068667835425,6832.557043479202
2023-01-07 19:00:00,41419.38109671871,41667.94716330902,41133.96179380239,41399.4238119681,3072.32742065439
2023-01-07 20:00:00,41456.06190354536,41467.35876094846,41096.409503766816,41421.05456910142,4947.595549422531
2023-01-07 21:00:00,41489.9519622362,41577.520480730556,40094.54716724554,41438.282910569025,4633.492979631948
2023-01-07 22:00:00,41420.459806023326,43666.850339869154,41033.359918080096,41458.78704455512,4756.6160206249815
2023-01-07 23:00:00,41566.88843382371,41971.41576203131,40935.872654340004,41487.889824784164,4840.9547895999485
2023-01-08 00:00:00,41436.91473117762,41862.24683993714,41150.379617868784,41499.855177334364,5216.775563762629
2023-01-08 01:00:00,41483.31047782544,42270.44152619973,40929.57790918712,41507.753016629395,4460.877296851021
2023-01-08 02:00:00,41549.158656972926,42052.11738058648,41414.167679862534,41514.563163655905,6217.959152305559
2023-01-08 03:00:00,41492.1513532351,41620.20536596111,40989.37796787012,41521.96075324073,5194.107630953357
2023-01-08 04:00:00,41555.36305431269,42041.785324234814,41234.59305994912,41535.26510932538,5408.607307701767
2023-01-08 05:00:00,41517.067051125654,41778.7254146569,41380.26045053759,41551.91189433858,6228.980502489062
2023-01-08 06:00:00,41587.09294037615,42692.86802109689,41258.28913571409,41568.03870414146,4968.941067129098
2023-01-08 07:00:00,41549.61653999655,42093.83892832443,41328.529336034015,41588.56449576518,4812.670981593626
2023-01-08 08:00:00,41514.34464104626,42732.75049364042,40661.984162688095,41602.57122018291,2252.4951572747655
2023-01-08 09:00:00,41606.189244405155,42205.72263973315,41445.99848848119,41628.09594066483,5382.988984740929
2023-01-08 10:00:00,41551.15173348176,41730.23904250123,41525.81279572953,41639.86824097958,5508.268639674589
2023-01-08 11:00:00,41588.65516557708,47319.6837074546,40647.96611137542,41675.5116386434,5287.328904403009
2023-01-08 12:00:00,41676.702631613865,41716.017267362055,41664.19708084603,41694.390907135574,3482.826303328321
2023-01-08 13:00:00,41684.042982799474,42408.82682644514,41402.33312239592,41701.39887168576,6257.149216862573
2023-01-08 14:00:00,41721.63758897808,42048.039583186415,41368.24444542947,41706.68767587713,5685.507738790204
2023-01-08 15:00:00,41717.068257328996,42755.8883076766,41565.785186338,41724.39355648534,6295.871781863014
2023-01-08 16:00:00,41767.53543537394,41884.35967709374,41697.926725131416,41736.44156466767,5091.752484448373
2023-01-08 17:00:00,41751.12509713127,41801.20787781278,41418.693122728655,41755.978354540035,5985.449685615218
2023-01-08 18:00:00,41754.54808172734,42419.30332518287,41060.85282103513,41773.577597466414,5876.046792529794
2023-01-08 19:00:00,41761.557943586005,42069.316532672536,39743.74019775973,41786.79635900817,4607.528893939127
2023-01-08 20:00:00,41774.314342640595,42327.33677432004,41615.62342830611,41793.81096233486,5324.05702822156
2023-01-08 21:00:00,41799.02959046877,44668.623683179554,41616.16640564897,41795.46822162441,3369.52675628486
2023-01-08 22:00:00,41838.158787936154,42308.72549471043,40271.955319482164,41805.65876142786,4051.0834791751627
2023-01-08 23:00:00,41865.248872040516,42211.024883019985,40166.30770651118,41826.25878643523,3893.7064875883657
2023-01-09 00:00:00,41816.24168146216,42206.690991068965,41087.23636481922,41841.70611380584,6223.0830670953255
2023-01-09 01:00:00,41860.210838558836,41983.77040666265,41451.048922352435,41845.460105968305,5270.057358391422
2023-01-09 02:00:00,41857.67731872756,44051.16927379817,38676.12611729678,41860.550377671345,5911.362722174722
2023-01-09 03:00:00,41930.24292639752,42005.20427402687,41829.1842886452,41877.322274596816,5199.810433718713
2023-01-09 04:00:00,41937.21609155247,42099.216934939526,41820.069668679964,41883.92493306568,3345.112563771704
2023-01-09 05:00:00,41893.670694698696,41973.92975353174,40984.42633510011,41898.81205324468,7411.676675578421
2023-01-09 06:00:00,41938.15503593799,42029.723252072086,41643.173310021426,41912.918499848114,4048.0815399777644
2023-01-09 07:00:00,41928.20295884597,42008.862306334384,41895.692001272815,41917.39864286959,4844.740951175251
2023-01-09 08:00:00,41897.78839043995,42595.65098844163,38877.42208261987,41933.86766162002,5556.553124533758
2023-01-09 09:00:00,41972.333339777775,43706.119856693214,40738.76517781697,41951.943172984116,4528.875348182121
2023-01-09 10:00:00,42029.82827497506,42131.00710983678,41864.357116928244,41974.17904910842,4416.400673653995
2023-01-09 11:00:00,41932.35618811839,44466.251605994024,41538.87413349952,41996.16289339556,5551.74079991092
2023-01-09 12:00:00,41979.22450931678,42413.47208417081,40815.875516974476,41998.67667361071,3130.2583003045793
2023-01-09 13:00:00,42012.68937285772,42159.311623097004,41838.29288160208,42004.69067626404,5034.441011705841
2023-01-09 14:00:00,41994.64768658702,42970.73393755186,39940.37105593827,42022.30880464028,5058.984221589597
2023-01-09 15:00:00,42025.49723866823,42103.946237318254,41663.77022598255,42039.89797212272,4793.388720303953
2023-01-09 16:00:00,42064.07995926675,42365.136526111,41942.39158953532,42057.47807240286,5714.609790636618
2023-01-09 17:00:00,42150.53933747624,42730.95600821549,41367.29280726738,42101.74030220245,6197.246923645228
2023-01-09 18:00:00,42089.84683602447,42453.1435661667,41184.227112457025,42119.728298290385,6734.9365758368085
2023-01-09 19:00:00,42118.802068146106,42289.808562742255,41250.69928957575,42142.21403943616,4604.319288243736
2023-01-09 20:00:00,42149.1930093599,42188.22686787296,42007.49234778923,42163.2274783084,3485.529690819233
2023-01-09 21:00:00,42255.82635738949,42260.818859879924,42120.684251790524,42181.80012133494,5692.72275511686
2023-01-09 22:00:00,42264.45301601798,42481.172968530525,40444.69254430506,42192.61946291748,4266.9670044760105
2023-01-09 23:00:00,42244.73347722259,43093.584228088606,41852.81290216082,42212.012603738534,4751.47138192555
2023-01-10 00:00:00,42225.05707603235,44219.09151290227,41086.63027002077,42219.13120427143,4814.154247807252
2023-01-10 01:00:00,42228.127849991826,42549.67872219803,41717.27406754559,42230.5176111689,5143.5879365051605
2023-01-10 02:00:00,42271.98553280542,42417.05759217525,41595.447860720116,42239.89536493671,4136.117039410234
2023-01-10 03:00:00,42297.807509948165,42928.76179309441,42113.750835485036,42253.790694032214,5579.857285295132
2023-01-10 04:00:00,42321.70557702076,43307.808981548755,41645.48858083584,42285.52795428479,4270.39753019259
2023-01-10 05:00:00,42229.11055172919,42458.73592454565,42091.38727967967,42283.78947652884,3130.1836604678356
2023-01-10 06:00:00,42290.48139305099,42598.181812229566,41101.65474591361,42302.45886458346,5388.978729352184
2023-01-10 07:00:00,42294.49801991773,42463.5185837733,42071.37474156603,42302.716131861,6655.407113088295
2023-01-10 08:00:00,42286.1773428788,42513.08640725392,42139.66819840497,42312.07939808234,4860.602799336766
2023-01-10 09:00:00,42253.07899641377,43159.49395140872,42207.56294947398,42333.90950423366,4588.5068554378195
2023-01-10 10:00:00,42345.93106966337,42478.3609321609,42232.948263251776,42347.522093381696,5041.325632270618
2023-01-10 11:00:00,42392.27842849021,42775.459769432586,42174.31265993916,42351.978413147815,4732.358909101206
2023-01-10 12:00:00,42269.20639087428,42430.40182034112,41836.75937699054,42359.31428573017,5432.2629506341555
2023-01-10 13:00:00,42347.80188210917,42661.511503730166,42303.71405282782,42377.78950332704,4103.357772684792
2023-01-10 14:00:00,42369.3164276619,44459.825178145686,42101.78756194702,42384.965262027355,3961.4561791560277
2023-01-10 15:00:00,42347.22950176709,42551.04206419537,40509.30473511125,42399.69601506868,5313.18447386498
2023-01-10 16:00:00,42432.3764995933,42668.56609259779,42055.68704484165,42413.0402166286,3845.637331767016
2023-01-10 17:00:00,42404.24687577793,42655.69935474014,42260.63712871161,42420.787746571244,4584.033072052642
2023-01-10 18:00:00,42476.701100981336,43534.29884131072,41827.76497414599,42450.880514574674,3997.782981073275
2023-01-10 19:00:00,42406.58143882491,42789.32104278766,41783.2577367391,42468.87415449685,5515.628088443957
2023-01-10 20:00:00,42487.74966125477,43404.88293509042,42190.69563305305,42465.576576986314,4219.800870882537
2023-01-10 21:00:00,42429.113740320296,43490.23846165147,41419.66939912817,42479.95326608988,6829.620201716087
2023-01-10 22:00:00,42517.79055528096,43312.10518763327,42272.505291775786,42487.52574918408,3464.95975246764
2023-01-10 23:00:00,42537.48934090789,45547.28881537616,41912.12422033636,42507.193952464826,5437.313187038961
2023-01-11 00:00:00,42531.7719679563,42566.77148082983,42312.32746020199,42513.68473912649,4047.683619261203
2023-01-11 01:00:00,42492.72249152176,43003.598271023715,41974.27998741559,42525.580282792886,5451.225319318508
2023-01-11 02:00:00,42492.29967277824,44221.26705540113,40958.43858332545,42542.41637786831,5735.621997245747
2023-01-11 03:00:00,42491.61227062177,43357.574624198416,41376.34601221305,42562.12166914689,5721.479323757343
2023-01-11 04:00:00,42597.52489838817,43822.771509536266,41943.776954005276,42565.28190381585,5283.751023661501
2023-01-11 05:00:00,42539.297193195736,43626.507986387995,41883.72353473557,42575.35217131514,4960.980480622456
2023-01-11 06:00:00,42498.01530919275,42965.42878002575,41817.68856524653,42584.28288473144,3719.544428997533
2023-01-11 07:00:00,42634.67968687171,42837.23126138539,42561.957554828696,42591.77086400705,5937.915537510655
2023-01-11 08:00:00,42740.84110319001,42758.61847726767,42607.31403015217,42618.59379851015,4827.198262603536
2023-01-11 09:00:00,42653.33291949165,43135.90283500488,42483.79054398653,42634.51800178821,3142.0985486017125
2023-01-11 10:00:00,42649.81331405369,42978.349358092855,42092.7893044405,42637.100701514246,5367.619840209711
2023-01-11 11:00:00,42619.51535460488,42747.08207214112,42469.581758347435,42657.09917402093,6436.335405705979
2023-01-11 12:00:00,42688.68190708236,42872.574687079185,42448.31659839164,42686.718200773896,5665.4168236917785
2023-01-11 13:00:00,42670.09522948439,43334.37931322472,42286.33590243454,42707.60630567377,5646.489537725771
2023-01-11 14:00:00,42670.78426981982,42870.435200562584,42537.940349869146,42708.066750341364,4083.725899436275
2023-01-11 15:00:00,42766.782869279734,42922.29867845313,42624.62112960368,42716.79573005541,5554.057771115908
2023-01-11 16:00:00,42740.80528703676,44326.19836379174,42093.94596353163,42739.52175597966,3438.5067775581406
2023-01-11 17:00:00,42732.32800937399,43018.49861572756,41925.49101506105,42746.4394679879,4711.961126077924
2023-01-11 18:00:00,42656.172816912214,44311.77301922188,42246.082535279704,42762.557878578125,3792.9783521427844
2023-01-11 19:00:00,42853.03035294622,43722.95861411543,41720.15404438399,42781.312059714495,6137.314542364729
2023-01-11 20:00:00,42746.31295416425,42849.20176061028,42449.14268789049,42786.443453808606,6100.821398422605
2023-01-11 21:00:00,42821.27337250699,43149.84309624464,41198.46172813106,42798.504302917536,4999.686327388225
2023-01-11 22:00:00,42804.33271148459,44914.01905136379,41758.8430767407,42785.10192431174,4638.537233306014
2023-01-11 23:00:00,42787.119236929626,43139.508709027636,42387.30061071425,42789.425794466115,7320.040722017259
2023-01-12 00:00:00,42761.221896672025,43059.96813666596,42717.910773747455,42799.91594347989,6103.877343316258
2023-01-12 01:00:00,42802.33372527494,43042.13272843423,42358.077877178264,42802.436615523504,5834.751326324882
2023-01-12 02:00:00,42761.791113090134,44072.35868982965,42312.4655301585,42827.99161543425,6399.594645145793
2023-01-12 03:00:00,42770.54256604446,43000.3007062311,42192.52105157377,42829.03950275056,6796.360822926964
2023-01-12 04:00:00,42827.60603788977,43458.89401135157,42083.52924701498,42838.002018915795,4035.2945742492852
2023-01-12 05:00:00,42839.33890596197,45071.4166808479,41891.79033369471,42851.525221947326,4863.004510557542
2023-01-12 06:00:00,42860.911048116715,43066.29471256914,42826.54648060467,42875.52765323908,4406.1885919312945
2023-01-12 07:00:00,42879.877643844244,43182.23011652722,42811.43311649835,42876.50853515882,4020.278775283193
2023-01-12 08:00:00,42825.89356677243,44673.36929595419,41484.65186506403,42898.27773320634,4290.979042369509
2023-01-12 09:00:00,42888.254248130484,43208.786062443454,42216.91967790258,42910.82017633721,5131.065186215848
2023-01-12 10:00:00,42864.12942382896,43011.86967338768,42744.00437238756,42915.42596484695,3317.341305877314
2023-01-12 11:00:00,42919.56582475316,43779.6611869924,42474.68889406205,42931.57852443887,4271.727797593387
2023-01-12 12:00:00,42996.75406294083,43392.05539723132,41035.84799427983,42945.6252092148,6105.900424357309
2023-01-12 13:00:00,42918.21755906797,42991.1345660367,42500.78255774556,42953.27676427255,5139.060398653418
2023-01-12 14:00:00,42931.79378083631,43066.53276747514,42829.25525672871,42966.28816724281,6972.542176789808
2023-01-12 15:00:00,42997.386990841645,44771.33006408146,40269.7378855339,42975.65896001065,4595.602576816039
2023-01-12 16:00:00,43013.514780227146,43096.10999992682,42947.25712483005,42989.02134007281,5435.975389500046
2023-01-12 17:00:00,43036.107804826075,43310.93270599644,42522.207249568986,43006.77419628078,7046.862195719557
2023-01-12 18:00:00,43014.575212062104,44188.76215502395,42531.25231825611,43031.92034591691,4449.884717063461
2023-01-12 19:00:00,43070.65925106759,43096.955255499204,42870.90566974681,43034.478680920074,4467.831436872811
2023-01-12 20:00:00,43060.68184732071,43286.76709856886,42841.91744833223,43064.00729497552,3223.9882459515975
2023-01-12 21:00:00,43071.73490772669,44340.35982848625,42653.847141242215,43060.85907624218,6101.322957735762
2023-01-12 22:00:00,43130.10286314595,43339.99638331209,43032.76574535467,43072.118068428026,7272.434720446881
2023-01-12 23:00:00,43114.025572288774,44091.878714648774,42102.25381246596,43089.30332490115,5292.7154821418535
2023-01-13 00:00:00,43077.564923615726,43121.72250817343,42878.27005637336,43104.03608481835,5695.402474550298
2023-01-13 01:00:00,43106.73876558828,43903.48242625489,42725.31461790106,43111.546083528374,4586.3843343703575
2023-01-13 02:00:00,43068.255712625214,43174.966754106026,42837.316598996935,43122.38013725917,2070.551309997732
2023-01-13 03:00:00,43177.902930544995,43844.30607585837,43097.61600346382,43130.94326835666,3828.3456526824384
2023-01-13 04:00:00,43220.59092027556,43449.8380929056,41641.29118655209,43138.74426846829,5175.286778933923
2023-01-13 05:00:00,43140.29295797425,43310.28622692797,42615.83138799782,43158.06645830106,4781.346722564964
2023-01-13 06:00:00,43169.96628330964,43177.58236436223,43086.26258978089,43173.45808774743,4282.983850872064
2023-01-13 07:00:00,43222.68365507801,45558.64377271742,41900.692436026824,43180.46112874371,6386.349397262843
2023-01-13 08:00:00,43087.75965546405,43294.548626921096,43071.00211246917,43200.21573925705,3989.4017800710867
2023-01-13 09:00:00,43281.37188293607,43577.46778714002,42803.530385931736,43215.24412386004,3402.400830404568
2023-01-13 10:00:00,43225.10120992707,43374.638870312956,43073.731045870794,43234.32987073865,5511.499575361861
2023-01-13 11:00:00,43287.23531891184,43367.734721844965,42945.37229829338,43251.96329861909,4643.326865820129
2023-01-13 12:00:00,43230.805680904945,43304.13434032547,43178.50999762797,43257.94196954663,4498.215807188468
2023-01-13 13:00:00,43280.059916130915,43352.50971248637,42671.98836084738,43266.08607345786,4466.399693560833
2023-01-13 14:00:00,43246.75468857774,45094.08872839218,41399.75139449988,43284.705583560884,5434.770064556891
2023-01-13 15:00:00,43267.79659615186,43476.98780053758,42740.96204200851,43302.24600401807,2783.1811606459355
2023-01-13 16:00:00,43206.7578243834,43735.32473193388,42497.21458038413,43314.75323471331,4418.217966607946
2023-01-13 17:00:00,43319.80764822513,45431.95432398301,41456.535409169606,43328.38397014875,3948.6900883606554
2023-01-13 18:00:00,43431.84960684419,43566.13567630095,41742.63793762735,43351.315765950334,7095.843501809159
2023-01-13 19:00:00,43388.75139315116,44512.04267509773,43291.52090169309,43359.31271838957,4839.639918955169
2023-01-13 20:00:00,43439.378028637286,43691.79096980129,43067.20701076505,43376.43875362477,6376.496450019538
2023-01-13 21:00:00,43417.4010154528,43815.89094034532,43085.55120695153,43387.59088579046,4964.174421293537
2023-01-13 22:00:00,43330.59724282319,43558.573395790394,42172.0461000138,43398.640209924364,3159.922255494247
2023-01-13 23:00:00,43448.05551031212,43451.50571717026,43417.071702517525,43420.24298043177,3700.7836365541757
2023-01-14 00:00:00,43406.80774255436,43882.57906245734,43165.2090652145,43439.681328556864,5958.385819842042
2023-01-14 01:00:00,43469.0029300237,43517.24274920482,43448.97409764631,43459.04756225366,5904.017554761314
2023-01-14 02:00:00,43539.42153069326,43622.41028725594,43432.17122521842,43482.37336392519,3729.938911287968
2023-01-14 03:00:00,43459.261601546496,43654.77947756399,43255.72307878166,43495.44785327665,3933.765068100775
2023-01-14 04:00:00,43571.76676150674,47122.793297823395,41252.532159831986,43513.835093110356,5071.253749910892
2023-01-14 05:00:00,43494.030759844696,44558.10352324424,42098.283281384625,43524.31039962325,4603.770321898241
2023-01-14 06:00:00,43566.19101502564,45709.36364377734,42163.498083563776,43539.887659360276,6259.2332397867995
2023-01-14 07:00:00,43509.46513607369,44557.57348007973,43173.7932666548,43551.85759261111,4772.523740046592
2023-01-14 08:00:00,43534.34395673498,45037.24499111338,43533.853756860146,43565.67244354787,5782.130001531459
2023-01-14 09:00:00,43549.51231969138,44329.42491832325,42619.11005217544,43583.501041385156,4584.786232094729
2023-01-14 10:00:00,43594.90646223387,43600.21928820534,43578.30967863566,43590.051724758945,5692.855755817812
2023-01-14 11:00:00,43576.91634314688,43802.031052657374,42811.1969164289,43619.917023482405,5894.6471875738725
2023-01-14 12:00:00,43640.358796171975,46009.91769381036,43568.805885382026,43625.02547656462,6897.767016745977
2023-01-14 13:00:00,43592.09932395395,44260.43071273904,42316.04396272246,43628.499586599275,4367.244970114961
2023-01-14 14:00:00,43623.29654831656,43773.85446588942,43235.79544108155,43650.98374954662,5421.546083536561
2023-01-14 15:00:00,43655.758946355054,43756.80847356064,43626.92400769614,43670.568609118796,5457.805609925785
2023-01-14 16:00:00,43680.86979957097,44118.69335786444,43665.669224535384,43688.84602738202,4188.999136371155
2023-01-14 17:00:00,43718.496119063195,43925.66994468251,42944.79950280307,43707.19076692988,4568.874430424901
2023-01-14 18:00:00,43744.52600709967,43903.2235434227,43425.84749682264,43720.444892194326,5149.363482271189
2023-01-14 19:00:00,43726.96757318419,44391.41208448185,43675.54532357939,43726.65368284773,7212.531039397242
2023-01-14 20:00:00,43708.83567808986,43858.27484189962,43610.44676744128,43740.68226709309,6192.735165416414
2023-01-14 21:00:00,43780.71998498087,44430.539988318036,43592.27619735063,43748.72303287924,5338.68731792169
2023-01-14 22:00:00,43808.19980519275,44838.2744771585,43030.9022707163,43770.01854483196,4935.311394967482
2023-01-14 23:00:00,43785.57844855968,43795.16575714511,43706.32844806925,43782.37371054516,4916.282040150788
2023-01-15 00:00:00,43772.10658518494,43964.546254344605,42566.8815268809,43789.33899745362,5603.094684948834
2023-01-15 01:00:00,43909.22762795969,44106.50516946697,42850.11325325205,43800.3753767267,4848.285566422771
2023-01-15 02:00:00,43854.1083146017,44423.50166893109,43323.10316574532,43817.325050269756,5872.197000072978
2023-01-15 03:00:00,43801.44315006517,43918.3613109246,43543.729060751466,43826.50077841801,4777.279299223393
2023-01-15 04:00:00,43897.32187308936,44752.98919060424,43052.12557792373,43833.64838143473,4859.624941094664
2023-01-15 05:00:00,43826.36168813934,44214.150572825005,43711.960155344634,43849.36361786795,5039.44704824074
2023-01-15 06:00:00,43807.411552678626,44219.124968789976,41120.92292493249,43865.12998450188,6012.637409644072
2023-01-15 07:00:00,44017.212935527285,44337.50498329585,43849.741025824995,43874.922482881535,4893.662997468685
2023-01-15 08:00:00,43959.78794093579,45391.13503523183,42324.06857185341,43885.044135778684,4377.965194445618
2023-01-15 09:00:00,43922.64607176242,44469.998172678555,43287.003701476046,43900.83290728951,2683.8561370311236
2023-01-15 10:00:00,43866.863019362696,45423.93566998413,43757.57318561805,43903.22350544106,5793.175688218677
2023-01-15 11:00:00,43885.880164911716,43923.063014234074,43846.160820566874,43905.98244811934,3651.9528880598327
2023-01-15 12:00:00,43937.18903785069,44139.10472687165,43808.80726592301,43914.29739707479,4004.8515181466205
2023-01-15 13:00:00,43831.06535703041,43955.15593037354,43603.224441004066,43926.696632875544,3525.8678679578943
2023-01-15 14:00:00,43957.797517129286,44602.95174604821,43712.521158738964,43943.33546754778,4307.749670734103
2023-01-15 15:00:00,43973.88319941942,47509.62519842943,43489.10421905462,43969.33509365041,4977.721020816287
2023-01-15 16:00:00,43989.9508382692,44220.82334881924,43756.65731414278,43990.43878038985,5225.761523111754
2023-01-15 17:00:00,43960.528268374175,44023.65325148224,43950.2247933966,44003.44773637935,4447.079162632698
2023-01-15 18:00:00,43995.728646944415,44707.3256526112,43325.70154986614,44017.63053627408,3228.931446911909
2023-01-15 19:00:00,43943.377789056285,44534.02178054058,43081.627769158455,44023.99209670818,4913.930307209107
2023-01-15 20:00:00,44023.88590565093,44176.307274155406,43868.68559196549,44038.273042689245,5464.369863546574
2023-01-15 21:00:00,44064.376183008084,44493.75818105105,43962.617587361274,44050.440459601356,6303.278037316064
2023-01-15 22:00:00,44049.37283219006,44200.42045802693,43925.040924489505,44067.54689746548,5007.880184694728
2023-01-15 23:00:00,44068.25894337241,44136.379130560745,43783.135779672375,44075.50210008454,3984.1211730100217
2023-01-16 00:00:00,44023.71582950072,45584.88467631359,43828.44830585408,44094.278629465385,4107.212484508116
2023-01-16 01:00:00,44122.742952843306,45014.919941267304,43824.359476619196,44121.21134019818,5810.79864559171
2023-01-16 02:00:00,44153.60660383498,44904.99863568806,44049.376784625245,44135.06142427935,3735.5015930450345
2023-01-16 03:00:00,44136.1424167439,44348.96012119565,43506.44756282329,44153.04496132885,3815.969441777441
2023-01-16 04:00:00,44185.2815960975,44201.142209909056,44108.90870198887,44173.385935061466,4329.884799545767
2023-01-16 05:00:00,44133.07698708265,44689.88969497066,42909.28997599744,44185.04626036853,5480.908092748896
2023-01-16 06:00:00,44178.40797438763,44387.259258055805,43923.64061548731,44201.759633459296,4029.8757396203564
2023-01-16 07:00:00,44271.55694296425,44405.07371051557,43876.49122701663,44216.83181492323,4689.692294615096
2023-01-16 08:00:00,44201.23988980301,44764.62562860287,43455.74875143384,44232.63572774003,6608.780855734373
2023-01-16 09:00:00,44289.7868401575,44629.04877394826,44131.642464626,44241.52545578874,3566.848185475288
2023-01-16 10:00:00,44278.69448097797,44880.5836735054,43742.68537820051,44256.84687397723,4634.494063014734
2023-01-16 11:00:00,44214.207969515664,44355.236033345565,44117.20882394983,44276.00794331914,4804.609648822976
2023-01-16 12:00:00,44267.87618225238,44305.66730926348,44181.53470780188,44302.84612461151,4628.142117721334
2023-01-16 13:00:00,44339.964650748894,45407.85894921798,44235.46328125524,44325.80146362904,5996.118214911129
2023-01-16 14:00:00,44365.358452287095,45718.80787864,42536.78131250614,44358.36041350355,4260.628592540964
2023-01-16 15:00:00,44409.757535528246,44666.767698534786,42746.57070843749,44367.60760602232,4803.719348612063
2023-01-16 16:00:00,44397.816836615675,44891.67587379311,44151.553662124614,44390.02477903506,4935.922235851283
2023-01-16 17:00:00,44309.45948639943,44484.20274510298,44241.32518208066,44406.982896990616,5849.611988516213
2023-01-16 18:00:00,44465.935098348215,44958.5484238658,43265.074126384694,44440.04560237371,4606.947242938599
2023-01-16 19:00:00,44511.114417133474,45143.81163572256,44066.87676053874,44449.17651087965,5379.639648385965
2023-01-16 20:00:00,44452.3269087134,45283.430239997266,43986.25105335059,44458.10914343944,6614.778790709852
2023-01-16 21:00:00,44527.95827222033,44930.87784734506,44301.21141485496,44469.01760842221,4263.229864052378
2023-01-16 22:00:00,44477.50104504727,45748.09885367575,43404.27589778404,44467.783320601164,3500.9840395415986
2023-01-16 23:00:00,44475.498419912175,44524.18738414851,44397.9127666707,44479.387489781155,4940.584818727506
2023-01-17 00:00:00,44499.15403475784,45071.102930193134,41828.48619472899,44489.17801529099,4737.340479683832
2023-01-17 01:00:00,44549.03777395332,44687.51774419697,44153.163494731554,44506.29816236327,5172.254386411038
2023-01-17 02:00:00,44593.038236170956,45123.76431632441,44070.017444513345,44525.002635866535,5060.085994615164
2023-01-17 03:00:00,44611.7088476594,45072.89363929843,44435.1183682306,44556.035862493176,4227.431251243759
2023-01-17 04:00:00,44634.55949481381,44836.36711279858,43771.672304229134,44579.71653894337,4587.7792549755295
2023-01-17 05:00:00,44615.20557889868,44964.03109481633,44363.133108837275,44591.23199916656,3720.9692637802136
2023-01-17 06:00:00,44563.01957955862,45604.13764679381,44300.78885524756,44600.22873911905,4419.351697446049
2023-01-17 07:00:00,44616.25426019294,44751.0749390316,44006.90405216541,44620.40146800616,5186.416169744047
2023-01-17 08:00:00,44710.49328478289,44742.69152000494,44124.07956543816,44626.130232570176,4391.77349255524
2023-01-17 09:00:00,44671.018988270574,45283.858717689836,44003.543768618205,44657.12571028637,6290.644460922547
2023-01-17 10:00:00,44633.705452348106,44806.32763393627,44602.93147680657,44682.95812500336,5355.66894856323
2023-01-17 11:00:00,44718.28136700236,44966.137595202774,44598.364908179916,44695.65459460271,3950.3445010900587
2023-01-17 12:00:00,44771.78518698549,48611.27086155089,43329.936517937174,44698.45225525015,5242.882013150275
2023-01-17 13:00:00,44750.5787602172,45771.58658388291,41143.47435008722,44725.83870027179,4225.3850299814185
2023-01-17 14:00:00,44720.445368853434,47727.544766630956,43585.13399300704,44741.53042984856,2934.9169537436796
2023-01-17 15:00:00,44675.073756549195,44776.25456482135,44633.20075547807,44768.093430230954,5360.647891435795
2023-01-17 16:00:00,44770.65368151823,44785.98150791446,44405.21231101024,44772.05072570783,3633.1416367191737
2023-01-17 17:00:00,44662.90697025359,45118.332292831044,44403.755189512696,44784.02050052474,5633.326826071238
2023-01-17 18:00:00,44737.90862044062,44820.852418721915,44733.87985835721,44800.879080856954,4920.9326581354435
2023-01-17 19:00:00,44796.57312764092,45179.50756306232,44527.836265675505,44818.123195655906,4911.908755970927
2023-01-17 20:00:00,44767.616604881645,48434.43894160236,43243.042815430046,44831.44235094315,4321.356938705897
2023-01-17 21:00:00,44818.35847794021,44927.563914383856,44362.006735421906,44853.395994302,5802.128458618119
2023-01-17 22:00:00,44798.34217792502,45752.43152827478,42601.976135654964,44861.87678159676,4190.619178917246
2023-01-17 23:00:00,44901.00955903174,45091.22186356272,44858.66099202059,44877.81013144987,4311.114457424595
2023-01-18 00:00:00,44930.2800226254,45227.371581028114,44840.80300657716,44895.895231629656,5932.4348709546675
2023-01-18 01:00:00,44948.65702545284,45998.249315869696,44878.27381643188,44917.18352746042,5393.307050005324
2023-01-18 02:00:00,44948.244413788765,45253.573498018784,44810.84695719325,44940.098968603255,3980.304680291143
2023-01-18 03:00:00,45014.097093774275,45097.324645264336,44769.913096009695,44948.3737642043,4762.988029987372
2023-01-18 04:00:00,44965.975897966615,45607.09097691866,44738.671285212586,44953.42185302528,4008.3033365596893
2023-01-18 05:00:00,44989.52916474598,45158.76576168942,44303.92120163797,44981.012985697096,6053.985771182876
2023-01-18 06:00:00,44969.37601688663,45792.66607123996,44894.776514596706,45001.089564336085,4554.05628613884
2023-01-18 07:00:00,44996.22289280949,45217.036922871106,44956.66787378981,45012.56770610497,4694.380888931687
2023-01-18 08:00:00,45011.04187692449,46000.734124189934,43919.8135747844,45042.49052915562,6311.167497802624
2023-01-18 09:00:00,45099.71043289137,45115.84315185376,44830.60342433548,45060.97669898789,4612.6380354471885
2023-01-18 10:00:00,45152.06631750024,45264.49072674198,44868.52230597065,45088.018593783214,6234.751914044795
2023-01-18 11:00:00,45133.07290838614,45682.23652336204,44983.16926319196,45106.21256937409,5072.278965384289
2023-01-18 12:00:00,45105.24122937506,46970.307913825345,43904.97303162094,45140.39824365488,4937.360422672765
2023-01-18 13:00:00,45158.894486883124,45470.15738283108,45114.887371330165,45172.1860640957,5231.842092134848
2023-01-18 14:00:00,45152.856523630166,46802.478207190645,43567.70278229872,45187.98437414029,6629.642131112799
2023-01-18 15:00:00,45202.61812632357,45850.52489578136,45049.35229218968,45213.591408343054,3960.193468973116
2023-01-18 16:00:00,45230.42134119585,45763.18594304336,45116.289843339706,45236.63282693835,5307.676653401114
2023-01-18 17:00:00,45225.635945621434,47049.45174688555,44496.474778885036,45265.50372314352,6656.208252057296
2023-01-18 18:00:00,45275.85267571399,45511.43529192277,44995.811216551956,45275.749087691234,4889.187439720912
2023-01-18 19:00:00,45296.71146925323,45418.11859550154,44983.202223806504,45299.24462333028,5004.229858994152
2023-01-18 20:00:00,45400.02086735228,45613.94694123211,45150.91441126113,45325.760965751455,3481.089174909932
2023-01-18 21:00:00,45347.38624435415,45573.54283561174,44102.020236668664,45329.78125750242,5243.530204186344
2023-01-18 22:00:00,45389.57788861472,45394.29437241342,45297.53543475421,45338.446084526164,5990.166238959289
2023-01-18 23:00:00,45364.176556906445,45458.17670815735,45212.35505541801,45340.30322401018,5084.168230185696
2023-01-19 00:00:00,45378.121677388335,45381.247964732094,45334.98836389978,45356.35847036847,4567.226116411612
2023-01-19 01:00:00,45366.85317406801,45557.861327656225,44656.19339428126,45380.34820409163,4288.026772741077
2023-01-19 02:00:00,45403.36036532769,46089.07640632711,44049.46173725479,45410.654729635295,4824.621544101309
2023-01-19 03:00:00,45429.150822297546,45566.663739476644,44619.32314441273,45429.572797681474,4657.121138442436
2023-01-19 04:00:00,45437.81469793934,45675.160699944594,45289.78630098451,45460.96402829919,4521.241428478312
2023-01-19 05:00:00,45575.13039774523,45809.20157817288,45332.12904064726,45468.32186379308,4936.876986888752
2023-01-19 06:00:00,45485.1136057217,45947.34217626197,44599.71474047721,45473.129125618514,2613.0701298043273
2023-01-19 07:00:00,45541.071513663584,46247.43148149219,44134.22642554259,45491.15406178002,5571.179406219208
2023-01-19 08:00:00,45463.11184977613,45731.313147051835,45248.03228379204,45512.73021086841,5110.53531747394
2023-01-19 09:00:00,45553.501113905564,47181.5954410661,45042.313029257966,45531.00588670229,3873.94603908895
2023-01-19 10:00:00,45508.53753379794,45719.284646672764,45074.495093498605,45533.03648201434,5045.491476330752
2023-01-19 11:00:00,45635.49784130072,45880.550424636465,45385.8883986098,45550.925831622415,3196.137207437635
2023-01-19 12:00:00,45597.61101297005,45609.729720673815,42990.545315536554,45559.12383257322,3626.5971110302507
2023-01-19 13:00:00,45668.33227189403,45867.26244716089,45452.05281882566,45583.145676026565,5008.55608082435
2023-01-19 14:00:00,45666.59347611764,46541.82654045186,44881.95237738615,45604.77288026194,3436.9656934287464
2023-01-19 15:00:00,45681.44036916844,46055.15295134751,44052.18893953603,45615.97745471997,4921.769340941482
2023-01-19 16:00:00,45671.3241526082,46662.89697478656,44456.1654945687,45630.61855623846,5025.210867540082
2023-01-19 17:00:00,45648.42309415958,48741.994135425346,44946.510285681295,45640.924529172764,4942.482246994537
2023-01-19 18:00:00,45668.8485924178,45874.60848813866,44587.26787575303,45659.22963258875,5233.848025789598
2023-01-19 19:00:00,45647.50727665263,47033.417743028476,45560.7442791564,45685.70336412744,4112.23048846146
2023-01-19 20:00:00,45683.56985515124,46389.17781913578,45417.55326682244,45696.67539824786,4940.173856470096
2023-01-19 21:00:00,45732.889740553954,46633.48800820262,45213.56444462205,45719.59004633525,5929.4099847908155
2023-01-19 22:00:00,45710.30140982059,45898.45569868966,45579.8008435877,45734.253870181295,2978.2013600380524
2023-01-19 23:00:00,45719.46292011185,45836.408855535745,45713.15023187106,45746.83954809024,5363.970630852738
2023-01-20 00:00:00,45695.74265550843,47986.193548504634,43831.37610957642,45764.93390026966,4220.907260623299
2023-01-20 01:00:00,45754.675194534975,45810.17379717391,45473.878655027846,45775.623641922684,5605.606232631313
2023-01-20 02:00:00,45770.482411770885,46481.43834809077,45673.38095379595,45790.18635572222,6206.608154863915
2023-01-20 03:00:00,45751.29191758461,45976.24725542666,44373.8839545123,45799.6146040199,4207.476552884787
2023-01-20 04:00:00,45771.76996476421,46212.62090458998,45498.623687934014,45834.36216745003,3692.630217769036
2023-01-20 05:00:00,45824.80267849515,46926.27488574283,45536.240014020856,45853.69164963827,4535.418921884382
2023-01-20 06:00:00,45787.08730562839,45887.288625090056,45771.48447552189,45867.157944175684,4590.691525904279
2023-01-20 07:00:00,45836.21122917328,46929.23108696947,45693.583253626384,45887.94971346416,4663.447410121827
2023-01-20 08:00:00,45901.22183840254,45928.41176919083,45881.57627717937,45906.14595039719,4237.480760853402
2023-01-20 09:00:00,45896.13803884633,46780.626034148096,44278.59303332292,45923.487079747785,4598.204973058367
2023-01-20 10:00:00,45894.51310961764,46420.089771936546,45769.646130921064,45947.522411570564,5473.038282160215
2023-01-20 11:00:00,45896.35214756989,46271.43402554292,44671.56960408637,45972.716664790336,4682.6495077574655
2023-01-20 12:00:00,45996.44303569709,47683.03411689473,45100.22802637074,45987.618115902456,4346.101611674423
2023-01-20 13:00:00,45999.98821388388,46041.92666944511,45976.356465493605,46002.16736887071,4439.23909302014
2023-01-20 14:00:00,46021.317765453154,46488.10380976453,42883.95833689759,46019.13215726107,5404.212865277332
2023-01-20 15:00:00,46030.33855415025,46243.86309062655,45630.19648984092,46019.890452304,5680.220360476691
2023-01-20 16:00:00,45988.99571803837,46105.221752938225,45650.70221942447,46026.950104945056,4403.37094138827
2023-01-20 17:00:00,46032.86382445593,46119.69936428583,44733.28615030699,46057.07284667296,5223.270835920261
2023-01-20 18:00:00,46064.25919455062,47843.328859992136,45846.91122763022,46089.42594760148,5994.4473755089075
2023-01-20 19:00:00,45997.28244645525,47323.09947883542,45821.38318585294,46106.631671055584,4223.500859506999
2023-01-20 20:00:00,46138.573543022685,46235.24501382,46101.75431991521,46130.445827960284,4392.527712379693
2023-01-20 21:00:00,46120.46700196966,46686.875396262956,46066.0344979003,46152.14025289566,5585.299436516338
2023-01-20 22:00:00,46233.85472355069,46388.1469357268,45942.55408484146,46195.97747504873,5839.663864431189
2023-01-20 23:00:00,46182.5082671432,47434.2137031193,44827.03613709868,46224.14102814848,5942.788514140076
2023-01-21 00:00:00,46291.892970971276,46688.170366509396,46085.21870919331,46242.32444236469,4874.825571616836
2023-01-21 01:00:00,46248.55612657609,46555.4621798576,45824.79121355325,46253.88569505786,5876.169167191233
2023-01-21 02:00:00,46257.41216439631,46914.73081408981,44712.72077255468,46260.23753946095,5200.459631413729
2023-01-21 03:00:00,46293.194248480744,47391.99798447378,46083.32124432304,46281.06551731949,2781.6522399489186
2023-01-21 04:00:00,46243.93280699686,47886.294418188045,45044.39545580176,46294.21084681258,4099.409647463938
2023-01-21 05:00:00,46318.24668031571,47203.94657728967,46194.51695724906,46302.023830207196,4517.172409193082
2023-01-21 06:00:00,46212.72970964704,46690.047917760916,45286.20213457822,46316.03614704564,4446.910183085868
2023-01-21 07:00:00,46380.923103389025,46556.64347244806,46106.96409043851,46326.5615575264,5500.143033113884
2023-01-21 08:00:00,46369.57358967116,47063.91773266327,45503.410544845916,46359.22838624103,3063.2472974975353
2023-01-21 09:00:00,46344.70347732482,46455.99386226227,46005.14588112304,46385.442106593015,6496.710407445981
2023-01-21 10:00:00,46381.43922186341,46932.65689149293,46245.199843740105,46404.5288392108,6267.6515111879735
2023-01-21 11:00:00,46381.776524005785,46792.97902969642,45965.746847836905,46435.507821804786,5662.051834758473
2023-01-21 12:00:00,46541.166705734344,47472.23435489256,45171.095022275484,46455.254117500954,4419.983667346315
2023-01-21 13:00:00,46506.979159649,46955.86673430648,46352.00608626066,46467.478116872284,5387.37148063299
2023-01-21 14:00:00,46558.4592067346,46947.672958269985,46335.19543178012,46498.76331043433,5845.802872562928
2023-01-21 15:00:00,46500.70511243415,46884.029150372844,45833.70974922511,46522.159724367906,6053.891552295883
2023-01-21 16:00:00,46546.23009131702,47485.78188705974,45917.73213115809,46532.930826742544,4966.074774072091
2023-01-21 17:00:00,46570.0438946895,47428.10163890684,45242.192983369176,46550.460133287685,5001.325688734407
2023-01-21 18:00:00,46517.902361037486,46779.50232594557,46349.01523867181,46562.48915512066,5856.702480242556
2023-01-21 19:00:00,46532.944481879465,48252.82721128511,43143.20573343307,46570.441685991216,3805.8105989077108
2023-01-21 20:00:00,46533.82336747378,48011.815554023895,46164.800149342394,46596.846006598236,4785.932302272138
2023-01-21 21:00:00,46663.29272161006,46757.27911246369,46398.35112801654,46631.09522403393,4930.467713757731
2023-01-21 22:00:00,46688.193812556514,47340.45896340288,45602.96603104823,46638.85856658748,4822.082124195602
2023-01-21 23:00:00,46642.81296157019,46955.38283489635,46346.06865311879,46662.2912196185,4102.169933574371
2023-01-22 00:00:00,46726.1365716922,46952.138923871265,45731.24994111212,46675.99101401548,6180.1281737415275
2023-01-22 01:00:00,46626.17307001729,47507.207034309155,46569.42509826609,46690.974004428186,4449.01819646175
2023-01-22 02:00:00,46749.23511969731,46827.837346653854,46567.218240749185,46705.08893091475,5742.45891359262
2023-01-22 03:00:00,46727.126982465365,46907.83977598693,46586.62040541612,46717.004196287446,5766.24297504051
2023-01-22 04:00:00,46827.102717271926,48597.733524697906,46155.083087402476,46736.19170737228,5370.211889941741
2023-01-22 05:00:00,46743.61755718856,46779.66797516852,46519.32827739473,46748.3146277863,4768.9305225423195
2023-01-22 06:00:00,46808.47473045176,47945.9045011978,45510.16224389436,46769.2190278874,4920.611575594297
2023-01-22 07:00:00,46740.47753622016,46888.791322880556,46589.31242344648,46787.52713787512,5655.403829850237
2023-01-22 08:00:00,46884.75236959235,47782.69054687344,46584.59873413041,46804.29388754428,5791.859310388068
2023-01-22 09:00:00,46855.58798455977,47512.33879582675,46039.814944503945,46815.67908611783,5014.149264965758
2023-01-22 10:00:00,46815.66647110117,47281.535374870495,46489.19262493927,46829.67705688525,4250.642310577223
2023-01-22 11:00:00,46799.15209330868,47232.24062003201,46681.5692363315,46854.297826671114,5831.616786180403
2023-01-22 12:00:00,46830.69552087138,46878.01679447252,46676.72839589192,46876.847373289624,4811.738664913693
2023-01-22 13:00:00,46935.429122409914,47963.55006727305,46373.249277923125,46887.53278593951,3920.157552218513
2023-01-22 14:00:00,46916.001060626826,47230.171487692794,45656.77747798895,46906.79602685086,4991.88679838825
2023-01-22 15:00:00,46918.212027368165,47122.84507621878,46855.62557539128,46931.237522784395,6310.191908080897
2023-01-22 16:00:00,46980.275291136095,47311.748444766534,46670.35707190322,46936.27359106233,3907.8584065712666
2023-01-22 17:00:00,46942.76321685609,47075.53539563134,46779.24129749398,46958.971796524456,4161.107325974263
2023-01-22 18:00:00,46877.10126375476,47063.87667895034,46844.44755703005,46971.98125253228,5055.863939844497
2023-01-22 19:00:00,47048.67207960866,47874.496035083415,46989.98047496201,46994.81472604995,4894.181242502302
2023-01-22 20:00:00,47088.079316895324,47466.50857917492,46677.7781995647,47006.934698389996,5356.252788706083
2023-01-22 21:00:00,46979.313168211724,47880.05076715979,45679.267378012686,47010.67817956112,5425.321308330111
2023-01-22 22:00:00,46990.44015468368,47577.10536619084,45773.395621764095,47015.79600923044,4320.769346807045
2023-01-22 23:00:00,47058.88305854902,50404.268090969694,41503.94453799965,47034.27363605834,2167.674075015859
2023-01-23 00:00:00,47060.450313330315,47233.30932727374,45990.367308558416,47054.39829659107,5637.324683023073
2023-01-23 01:00:00,46999.61441802578,47117.73004585298,44539.90057536609,47065.16374107132,4770.617668144533
2023-01-23 02:00:00,47117.73085138524,47128.3990684271,46942.26168649831,47088.22472761641,5703.440133138894
2023-01-23 03:00:00,47077.98805100648,49002.76799616753,46578.52836194976,47092.8362647687,4197.719972860456
2023-01-23 04:00:00,47096.81951766597,47899.8809062109,46438.71749420864,47110.16196535219,5718.417423471641
2023-01-23 05:00:00,47088.043780348555,47365.84144526385,46960.769575079066,47118.27801597308,5035.566074032993
2023-01-23 06:00:00,47053.930402254606,47426.116460826335,46405.17167020132,47130.81655808844,5822.782780834003
2023-01-23 07:00:00,47181.56054440472,48185.390101160614,46366.92077117229,47148.897248505134,5251.316648238102
2023-01-23 08:00:00,47132.4791890779,47480.586062199494,46979.87626950404,47159.662942011026,3962.933926430004
2023-01-23 09:00:00,47136.625134350616,47770.59857098332,46230.38132635551,47174.182236989705,4517.090160539482
2023-01-23 10:00:00,47211.24818231573,47285.528656014416,47158.632742974674,47199.774307634085,4809.12778044682
2023-01-23 11:00:00,47236.732034293105,47474.88952755133,47189.00684609948,47212.646150232315,4530.869145789591
2023-01-23 12:00:00,47168.4963665934,47861.721155151936,46626.3550988197,47236.763185422766,5577.363525106662
2023-01-23 13:00:00,47311.57160591446,47370.42616740253,47128.968206006466,47245.10083198079,4961.257105010457
2023-01-23 14:00:00,47294.66459065361,47530.2439247726,47061.36471908803,47266.65766346239,5081.278422056199
2023-01-23 15:00:00,47408.41014268907,47450.857936563545,47269.5424329353,47295.45101210159,5111.799158203388
2023-01-23 16:00:00,47317.377838917,47342.341201802206,47003.6967103347,47292.8803739228,4919.082662337311
2023-01-23 17:00:00,47313.61096428261,48778.77255021912,42526.5082045356,47303.64877614851,5019.344070811754
2023-01-23 18:00:00,47322.98870841447,48502.6144118769,46790.233905720954,47325.34930413193,5290.947364339485
2023-01-23 19:00:00,47303.3076949894,47371.59046827069,46065.373654682786,47340.74863108692,5701.4947819247145
2023-01-23 20:00:00,47384.16225512255,47384.957979640814,47156.82724630511,47360.680591885815,6604.339108308596
2023-01-23 21:00:00,47379.31798877485,47672.69588538339,47138.22056181067,47372.74998515031,5097.813293093307
2023-01-23 22:00:00,47378.13662849843,47637.12471987229,46952.4067223954,47390.28184899221,4465.243329155677
2023-01-23 23:00:00,47334.83413438753,47764.04967652101,47148.73732181982,47405.812850103255,5721.903485438142
2023-01-24 00:00:00,47463.59255163823,48273.129994942756,46968.99380591619,47431.86821470945,4005.571478200208
2023-01-24 01:00:00,47394.41613754974,47510.41321036041,47150.62641862379,47450.55280751774,5796.701927070742
2023-01-24 02:00:00,47423.56450433627,47479.14432723345,47423.285130838354,47469.83841498119,2679.6844017695767
2023-01-24 03:00:00,47481.912551983005,48376.76492626797,46667.871106405975,47483.06320116518,1823.2961868039993
2023-01-24 04:00:00,47509.46463492768,47957.67047306946,47236.21132156611,47495.616638314335,7755.217743719902
2023-01-24 05:00:00,47543.27122486394,47732.21132778055,46901.557445993174,47508.54442785982,4829.7417532040945
2023-01-24 06:00:00,47509.01634354519,47556.96550221296,47442.29569092672,47528.02176517604,4849.883048746194
2023-01-24 07:00:00,47564.022252482704,49906.85526848451,45076.70691030613,47540.90858575127,5739.180494701568
2023-01-24 08:00:00,47556.68429269689,48232.39936165385,47215.27885128883,47559.41398262513,4737.253252313496
2023-01-24 09:00:00,47556.96447564299,48583.05235063457,45388.830435801836,47592.1364283601,4580.565247341449
2023-01-24 10:00:00,47524.01799155283,48090.229039433565,46944.848549803115,47615.15626090661,5307.34561670797
2023-01-24 11:00:00,47691.41945041079,47897.787723771144,47480.413937679135,47628.53007203826,4720.492536703467
2023-01-24 12:00:00,47645.29114787066,47781.64595642904,47643.16392477921,47654.05253095329,4937.351777878179
2023-01-24 13:00:00,47670.65909784388,47854.183638491675,47454.24048069682,47666.63102224466,3949.376678172199
2023-01-24 14:00:00,47609.55105092342,48152.9730383236,47096.2710430998,47666.099080600965,3088.683108337496
2023-01-24 15:00:00,47651.40207338491,47741.004125717736,47531.644471388456,47673.73703389465,4346.320859362581
2023-01-24 16:00:00,47678.01128654968,48205.14120058377,47565.49311854714,47674.402575506945,6166.370545669252
2023-01-24 17:00:00,47583.27854462986,47955.28089691115,47298.75365212535,47687.1512372606,5479.360953429422
2023-01-24 18:00:00,47824.3827910577,49154.189928842454,47329.96737953975,47702.78792151286,6181.567716419147
2023-01-24 19:00:00,47773.17916073593,49895.98522393647,47439.220570426354,47731.61701537901,4858.474246633052
2023-01-24 20:00:00,47710.13149517607,48061.743895833286,47096.46502085088,47749.57799415635,4924.128549314977
2023-01-24 21:00:00,47772.21720095287,47830.68400729349,47526.63562707936,47763.0984362171,4477.868429980008
2023-01-24 22:00:00,47849.92740065922,51509.56861151309,47100.173767442015,47784.93435165845,4391.993857062676
2023-01-24 23:00:00,47718.341294773396,48201.400706744986,47057.75339362118,47782.3731184815,5967.826024025204
2023-01-25 00:00:00,47864.98499634769,48674.78834301546,47347.695471158935,47799.312832843425,5632.454216642301
2023-01-25 01:00:00,47783.554796163975,48550.392399005155,47680.38350980474,47820.46128717501,5635.967750711738
2023-01-25 02:00:00,47765.23016715015,48271.29430531397,47667.713178175916,47823.54066742003,3935.779993182651
2023-01-25 03:00:00,47766.73433188828,47858.07708700259,47760.41368065107,47847.52512630027,5603.790520277894
2023-01-25 04:00:00,47816.27843347355,48250.41756035956,47676.2492480434,47864.993715731616,5644.518491645292
2023-01-25 05:00:00,47852.58594287195,48901.60574500033,47614.52103692261,47876.358074035,4176.465029374151
2023-01-25 06:00:00,47959.50836962163,48370.12561316681,47817.60735934254,47896.032902389314,3728.080998887277
2023-01-25 07:00:00,47979.66863709674,48055.78682109791,47654.94785490322,47928.73681548154,6292.745289518207
2023-01-25 08:00:00,47959.290590877456,48896.381216580274,45688.54349375094,47944.65581423625,5447.393937068976
2023-01-25 09:00:00,47939.518687542935,48075.72707748758,47319.0243775505,47961.031264549136,4856.741084635807
2023-01-25 10:00:00,47866.553504930926,49586.04493983794,46685.74403382396,47971.67161510436,4540.235384169524
2023-01-25 11:00:00,47979.264627243334,48620.61629749125,47466.71489466599,47979.11360209651,3599.9292768169908
2023-01-25 12:00:00,47990.05238269303,48046.6211054021,47579.53017702337,47999.92250373251,6748.137069120836
2023-01-25 13:00:00,47971.651190571734,49339.91886808889,47586.515262199,48007.16550727809,5434.502646091306
2023-01-25 14:00:00,48081.93281095403,48264.168969111444,47798.073539072044,48021.75517324345,5326.855400610438
2023-01-25 15:00:00,48022.47676383799,49446.68555111524,47953.71361931522,48031.87653152344,5503.090368623747
2023-01-25 16:00:00,48000.09448347437,48087.358573498044,47905.428791749284,48049.57650667837,4344.3122805385565
2023-01-25 17:00:00,48020.88323542582,48319.653830094496,47954.16129210395,48066.03951273588,6452.755545126183
2023-01-25 18:00:00,48084.16184208024,49570.77161741977,45017.28633737887,48088.0591852285,3527.9629269732086
2023-01-25 19:00:00,48163.92525288954,48316.99483692047,47582.7368954256,48097.62413886106,2779.578991064874
2023-01-25 20:00:00,48151.712614322045,48482.26572087894,47939.35839497435,48109.03606136768,5564.842358600123
2023-01-25 21:00:00,48104.06744076034,48223.89912338051,47800.89706664261,48114.70283320694,7392.109635273992
2023-01-25 22:00:00,48157.45128262033,48389.42213135039,46979.34548330594,48124.57146781666,4342.6274460052755
2023-01-25 23:00:00,48175.18708165192,48321.94352527478,48102.8446854205,48140.9391082649,4151.934401969491
2023-01-26 00:00:00,48138.434137152595,48893.19408315889,48003.70200928055,48160.27068334401,5732.829081821745
2023-01-26 01:00:00,48216.596963157484,48815.33846957754,47264.8273854721,48166.09564750223,4858.470362662152
2023-01-26 02:00:00,48221.52847847213,48235.058297831274,47820.06837152187,48186.1816103107,5076.60907045166
2023-01-26 03:00:00,48108.612734411574,49217.7818304492,48031.96865875515,48210.08288252925,5398.147265122537
2023-01-26 04:00:00,48190.921809667554,48236.75838184414,48101.58982900948,48226.37382730603,7277.086498053304
2023-01-26 05:00:00,48204.50240510004,48778.82853363291,46669.87581319796,48254.299214940525,5014.5089992626545
2023-01-26 06:00:00,48321.48331259347,49193.67064415626,47618.51855355535,48260.9477544985,5715.7342411708405
2023-01-26 07:00:00,48369.21838561768,49956.36727644459,44510.60520113077,48263.757495499,5383.168189758901
2023-01-26 08:00:00,48180.55039556041,48344.30640074901,47788.97305926233,48262.22314806414,5828.058814893309
2023-01-26 09:00:00,48186.64534038993,48309.60813247714,47026.21274045547,48286.815680453066,4813.321037686555
2023-01-26 10:00:00,48321.56680008529,48562.21266016166,48113.505191034186,48304.60389127127,3783.4191958642905
2023-01-26 11:00:00,48350.915499816714,48372.00380087152,48166.52635745731,48316.641968346434,4576.109957677648
2023-01-26 12:00:00,48381.892920772094,48480.79107758428,47935.67561733461,48331.294318706954,5743.651775540173
2023-01-26 13:00:00,48336.15075704108,48654.536090698006,48330.561174096314,48334.63324939501,5289.183673118725
2023-01-26 14:00:00,48355.84812496174,49061.58078532911,46582.088380199006,48366.47276154542,5200.8450931157095
2023-01-26 15:00:00,48381.70858392882,48482.85735983899,48347.0950395704,48379.71110875508,6478.071898356444
2023-01-26 16:00:00,48399.300130944495,48480.527618743814,47364.473753413535,48392.722371099684,5956.295002091346
2023-01-26 17:00:00,48409.773321428365,49547.28615905504,48219.54112795022,48410.59659563988,4286.415330092825
2023-01-26 18:00:00,48392.26712547362,50881.10670142788,45387.153051822104,48426.44522639498,4884.890306076761
2023-01-26 19:00:00,48483.24057728772,48859.17057989796,48183.17234109635,48440.16981502332,5068.072269248621
2023-01-26 20:00:00,48470.017495557055,48717.545252669544,48367.84611085747,48445.71300583948,5400.235855526775
2023-01-26 21:00:00,48411.37195519731,48470.291789880765,48201.52253343399,48461.28573590534,5081.082542900824
2023-01-26 22:00:00,48611.207187516426,48629.80251400811,47833.54188474288,48488.07745470388,4865.819789323075
2023-01-26 23:00:00,48591.68717729076,48888.704677411646,47713.14628700198,48510.511436443594,5816.837011430981
2023-01-27 00:00:00,48513.69447956285,48880.11161431766,48420.375667597,48534.86322426093,5689.164457074336
2023-01-27 01:00:00,48529.02860597275,48551.78734572477,48429.739868910365,48542.31605784571,5097.8271747079225
2023-01-27 02:00:00,48586.84357943292,48753.05567914621,48353.8642537721,48545.87864899862,3417.7768332535225
2023-01-27 03:00:00,48579.57238347433,48615.128249763155,48522.518196048746,48556.28927626342,4340.960725111355
2023-01-27 04:00:00,48594.14272748435,49170.696285312275,48340.866142671875,48568.09012884806,5907.962313627049
2023-01-27 05:00:00,48582.098683710974,48613.50214271151,48492.51048731669,48588.1374981408,5325.57781678707
2023-01-27 06:00:00,48544.42502809943,49731.590911202795,47374.11954125679,48585.831070638334,4130.713013011356
2023-01-27 07:00:00,48615.91749862708,48646.74761015131,48607.29542306661,48609.24089886752,3869.8212705153164
2023-01-27 08:00:00,48518.22398335631,48643.50292400056,48513.96974110663,48619.091096333876,5794.600382945211
2023-01-27 09:00:00,48602.24491239483,48769.34546039288,47876.81937756739,48626.731857224906,3871.937445192306
2023-01-27 10:00:00,48567.69911116492,48754.6022326574,48267.75229787784,48629.633109126255,5549.68318629026
2023-01-27 11:00:00,48564.04260813171,51873.777255906665,48345.243918233275,48627.33536347656,5015.697795957758
2023-01-27 12:00:00,48623.09443993614,48687.488172356134,48544.912925145945,48644.80561464154,6040.430892644839
2023-01-27 13:00:00,48638.2703969249,49062.99405033881,46891.81560341428,48656.22159602593,6731.1696317672995
2023-01-27 14:00:00,48654.667519391,49000.48664376393,48289.05327417135,48656.67668431214,3153.426952195583
2023-01-27 15:00:00,48707.12649548072,48847.65932730108,48303.95436223518,48657.03696829432,5925.672209502722
2023-01-27 16:00:00,48640.191572912445,48713.1349494328,48392.05368454472,48665.01855837649,7381.7135317325465
2023-01-27 17:00:00,48745.45781279838,49153.036734837806,47862.60268602282,48688.98638047137,5062.331349619123
2023-01-27 18:00:00,48644.95307806886,48715.77083117347,48603.27307226283,48697.47392416834,5360.39339501808
2023-01-27 19:00:00,48710.131343207664,48959.14136977769,48443.56761817296,48695.96253560971,3801.0486020061244
2023-01-27 20:00:00,48705.115788803305,49096.02959774019,47089.727691920285,48704.460696048365,7935.657902327778
2023-01-27 21:00:00,48691.80390699607,49147.53233170375,48064.164806896464,48712.694244873666,5957.932055215684
2023-01-27 22:00:00,48726.137247429724,50585.45311497498,48249.09247462452,48701.48661714613,5307.832372513885
2023-01-27 23:00:00,48643.283736442434,51134.47133057881,48280.7702084019,48711.37276014814,5837.830535229481
2023-01-28 00:00:00,48678.75659451941,48794.42391574532,48613.71711647187,48719.7997435566,5972.056965739722
2023-01-28 01:00:00,48706.36606012908,48755.813387484086,48695.7402740165,48735.59874557636,5423.889482443986
2023-01-28 02:00:00,48734.314420678995,49200.18879526749,47337.57689110488,48760.575582982776,4182.317603394867
2023-01-28 03:00:00,48759.609472817894,49596.846807831396,46959.88370197444,48779.73008768462,7022.590230569482
2023-01-28 04:00:00,48749.67217945179,49120.6242855258,48239.45841324947,48787.67872871234,6191.085854773477
2023-01-28 05:00:00,48842.167692471514,49279.821590382635,47721.82948379387,48788.885020158064,5724.136559314497
2023-01-28 06:00:00,48945.830535774236,50457.82432774173,47938.65328786082,48819.490139159905,4590.198756206467
2023-01-28 07:00:00,48758.13895340925,49795.9961273396,48164.57359305693,48829.94287419297,5078.9640456680845
2023-01-28 08:00:00,48872.18327033399,49515.23301642103,48464.53473584982,48839.995059433364,6618.787639660868
2023-01-28 09:00:00,48790.260554335975,49403.59117262916,48544.40968003306,48849.70560038217,5910.41849968557
2023-01-28 10:00:00,48883.471953978,51184.39890261217,47449.048787452215,48861.15764908925,6322.744466885136
2023-01-28 11:00:00,48873.72375978541,48999.15740154719,48754.732876570066,48869.83501426128,5278.79981238546
2023-01-28 12:00:00,48859.762219811375,49050.032543672154,48746.84869615653,48875.043903823884,4742.69999938221
2023-01-28 13:00:00,48874.126981014386,49781.39264511812,48071.22524049246,48880.434224591714,4021.259163690234
2023-01-28 14:00:00,48950.22214030761,49164.66890231714,48839.702696439315,48889.90547695513,4343.310654372587
2023-01-28 15:00:00,48821.42667441692,48951.40020812232,48772.117504056114,48895.260532892346,5540.287944035696
2023-01-28 16:00:00,48840.630042523655,49135.981766669516,48794.70715671726,48899.2304952654,5198.3935171774865
2023-01-28 17:00:00,48884.402673671364,48911.68237701905,48880.13087757346,48909.726048574616,3253.104308654445
2023-01-28 18:00:00,48904.831524501664,49052.32897043775,48275.84380779555,48917.30284266172,4228.259185403218
2023-01-28 19:00:00,48913.84215674851,49329.5850437369,48744.625420726086,48938.92502516228,5770.8022199879715
2023-01-28 20:00:00,48948.21406286835,50703.26012150392,48348.41585475643,48927.28226719874,4670.510699782014
2023-01-28 21:00:00,48932.1048766878,52554.57916223234,45654.84909212865,48945.55522807188,5034.029586346681
2023-01-28 22:00:00,48983.42608492729,49084.146830604404,48266.44678201635,48965.04187313706,4460.408779262869
2023-01-28 23:00:00,48878.05082756568,49750.9202866728,47294.61320139575,48957.95093222747,4725.154699330208
2023-01-29 00:00:00,48970.27194124537,48973.07546249856,48922.66375353695,48964.68499762074,4809.759155586784
2023-01-29 01:00:00,49037.928514732055,49483.23692623002,48254.15244864319,48971.16959739078,6588.940328444083
2023-01-29 02:00:00,48914.22810740422,50303.052914241416,48831.65306682422,48969.34737379071,5431.631629637597
2023-01-29 03:00:00,49098.50280141311,50728.162206273526,48531.531432820455,48972.54564333265,4442.869427427769
2023-01-29 04:00:00,48942.713828081076,49495.0368735007,47975.1716893679,48973.06596940405,5842.297327013903
2023-01-29 05:00:00,49062.66940766096,49097.049831433185,48966.22690788809,48996.47439893168,2822.032267805312
2023-01-29 06:00:00,49021.26201928419,49091.78317752659,48910.94590825895,49013.33663496144,3588.943168933918
2023-01-29 07:00:00,49044.62326925952,49621.99126266865,47542.09686454559,49032.873643436214,5311.49085879779
2023-01-29 08:00:00,49028.512657228035,49670.615938601215,48922.374923384115,49048.00056834499,4148.460020220681
2023-01-29 09:00:00,48973.19268894307,49055.39037386378,48971.929421499925,49048.311910787525,6118.549944255326
2023-01-29 10:00:00,49027.767737394686,49448.202272928196,48575.16789164818,49053.45094645873,4290.568842671524
2023-01-29 11:00:00,49047.92814540947,50316.615753744256,48687.16837703347,49066.69382010667,3820.8917856371518
2023-01-29 12:00:00,49007.829767279334,49097.04540235168,49004.799711421736,49066.23859726597,4822.404005241261
2023-01-29 13:00:00,49128.56932104458,49141.50970631,48584.729764749995,49081.2595546267,3226.030383887871
2023-01-29 14:00:00,49058.35222775553,49160.75837031564,48825.880225852656,49088.650343919224,5687.932972051428
2023-01-29 15:00:00,49092.16241500096,49807.590468405775,48886.42198263062,49094.96284896846,4939.9624583114355
2023-01-29 16:00:00,49078.86257077774,49612.86806526943,48759.00343003193,49109.9605396829,5755.665838744315
2023-01-29 17:00:00,49056.52019464438,49508.27794032612,48986.76919920888,49122.82486073332,3593.0565994868307
2023-01-29 18:00:00,49134.69658182971,49874.75225816771,48648.157230487384,49129.2488171373,5976.040719355947
2023-01-29 19:00:00,49116.940883378156,49529.59523060564,47691.35798426189,49147.83788324857,4796.5388589196955
2023-01-29 20:00:00,49180.92863308369,49220.13910151365,49121.60115895607,49148.50781999448,3032.6749357740055
2023-01-29 21:00:00,49177.190155176075,49182.40025105336,49155.93515001923,49162.75904032093,5124.752099663934
2023-01-29 22:00:00,49195.606634740085,49752.11061455707,48431.29153117615,49176.83415682102,4830.147642322269
2023-01-29 23:00:00,49174.68053739091,49215.56520289491,48398.146807616955,49183.69594375452,6098.9833574419645
2023-01-30 00:00:00,49217.82050427089,49377.432276267646,49124.723616817195,49195.65230136861,2615.6932112142545
2023-01-30 01:00:00,49201.60142281671,49515.64209000219,48673.38978664903,49195.00110583343,4615.543121022908
2023-01-30 02:00:00,49262.038608676776,49415.26409506987,48369.232435267375,49211.76274077406,5430.862419015038
2023-01-30 03:00:00,49213.33892980491,50038.02227614771,46457.6916032269,49219.66593541601,6599.47094011379
2023-01-30 04:00:00,49251.127910764495,49365.62729736981,48268.190021113696,49224.880844075706,4516.382860444563
2023-01-30 05:00:00,49190.92028361081,51341.60021005941,49002.64238247904,49242.685180592925,4858.242445972462
2023-01-30 06:00:00,49282.35653134048,49367.48992736999,49211.928499703805,49246.479552858764,6195.531388086709
2023-01-30 07:00:00,49269.5070921499,50206.82288266893,47390.24546536735,49244.659132691406,3497.1293913176105
2023-01-30 08:00:00,49209.09739987817,49795.15641525467,48757.63953370726,49241.67280713887,4143.651481718796
2023-01-30 09:00:00,49311.1076846248,49318.966744576755,49148.00371167411,49256.0083210655,4889.994501298948
2023-01-30 10:00:00,49218.37367634559,50929.67397368143,48950.450677129396,49255.27433526365,4839.580618024653
2023-01-30 11:00:00,49226.824744522884,50150.62063341651,46189.09152201422,49278.845439780795,5952.461970536169
2023-01-30 12:00:00,49354.02735719607,51391.39508029757,48942.79111794187,49271.747343827,4634.759022510154
2023-01-30 13:00:00,49395.26039396799,50167.950087211626,48484.352529826596,49294.90220714509,6328.056888986967
2023-01-30 14:00:00,49326.24970312177,49491.84703998188,48693.53916266115,49306.200715487044,4936.426460813878
2023-01-30 15:00:00,49318.7928704936,50819.77209170582,49273.25561807343,49315.065816701186,5775.115121589086
2023-01-30 16:00:00,49319.079794570585,49964.443938865785,48548.704914498376,49320.37498674211,5031.491562261996
2023-01-30 17:00:00,49386.92790125307,49857.831476179446,49147.30895541129,49333.267591737094,4001.7877414885947
2023-01-30 18:00:00,49316.39417873459,49343.644296074825,49315.36440294436,49342.69829760661,4020.0744252177556
2023-01-30 19:00:00,49328.309631925775,49734.96394809833,46723.179730685275,49361.290034718964,5015.6822364716245
2023-01-30 20:00:00,49422.51433685733,52506.45760394622,48638.09116520932,49372.00398453501,6167.509822986446
2023-01-30 21:00:00,49351.22311556847,51341.61446424183,48503.09159275611,49383.0425984227,6540.3239798198865
2023-01-30 22:00:00,49377.46455602052,49801.93902409988,49168.371725770296,49390.00723263621,6124.932545303241
2023-01-30 23:00:00,49419.68983258716,49896.07436162453,49204.2167865515,49399.46378871899,5458.994001674291
2023-01-31 00:00:00,49406.75974502386,49451.65653455109,49226.29187713952,49411.87816600395,5418.759960127497
2023-01-31 01:00:00,49345.39444861204,49490.70990860417,49149.50913560612,49408.18987256663,5037.6965731239225
2023-01-31 02:00:00,49494.71860272821,50171.593993197464,49346.72707010872,49407.43977733757,4489.010829804273
2023-01-31 03:00:00,49415.14268537997,50246.35474440992,48429.81727621869,49423.46485167736,4846.094773025312
2023-01-31 04:00:00,49346.99103706184,49732.703911506585,49196.00494495728,49434.95554408666,6715.907631132694
2023-01-31 05:00:00,49459.86165926378,49551.718867592346,49365.45068799554,49443.653482134374,5366.8140432854425
2023-01-31 06:00:00,49496.78706045412,49607.6752918766,49235.43064870639,49454.01801709136,4217.401402581411
2023-01-31 07:00:00,49570.18883799925,50275.219342328026,49229.40404043075,49467.06421006517,5231.607474168091
2023-01-31 08:00:00,49445.37889110047,51677.49451278376,48387.76846106059,49473.06135880568,5760.506119584143
2023-01-31 09:00:00,49447.14023549038,52181.88182507768,46950.0920083253,49477.20103874613,5938.640022678945
2023-01-31 10:00:00,49493.29298806813,49516.11508674759,49292.51889864965,49489.18600826218,4124.1575935048895
2023-01-31 11:00:00,49541.83085327556,49577.21399376026,48392.35116869263,49491.83051465061,4328.487793019454
2023-01-31 12:00:00,49459.95786183621,49506.02181865723,49379.7663011344,49505.622490844544,4512.366579045037
2023-01-31 13:00:00,49536.934411614784,50555.89975563455,47042.20944931225,49502.58341887744,6333.885745500573
2023-01-31 14:00:00,49523.73337650438,51109.53758980578,42535.43771438903,49521.45507329053,3681.031501697489
2023-01-31 15:00:00,49544.82999369222,49571.625134681206,49528.76628996507,49535.932236966866,4501.366104211548
2023-01-31 16:00:00,49531.799148193655,50497.86538029743,49486.7190177922,49548.735987319735,4435.803820139514
2023-01-31 17:00:00,49629.62763242115,50366.73626735763,47689.16094721595,49567.413302374036,4831.740865512458
2023-01-31 18:00:00,49505.004193288056,49614.10436275312,49433.99316454612,49591.61429752643,6711.028809190788
2023-01-31 19:00:00,49590.829693175605,49998.067289602266,49536.25901516787,49610.66899921771,5612.79074158329
2023-01-31 20:00:00,49596.17282341996,49608.42181012186,49580.89898656616,49606.94540851058,4656.794073156962
2023-01-31 21:00:00,49656.081363006015,50274.422609590314,48007.163838046035,49607.776969316714,6898.734981355239
2023-01-31 22:00:00,49562.50533638363,49687.88708928303,49528.1360379369,49613.91247287294,5394.579985484219
2023-01-31 23:00:00,49647.678217393914,49758.28815677699,49390.40072159452,49625.32222194182,3095.0555459893612
2023-02-01 00:00:00,49726.22160716818,50056.6404629586,49380.62563858867,49640.73256651982,4552.038661550025
2023-02-01 01:00:00,49536.63192143806,49924.400835172426,49372.75668879626,49646.26481363755,4947.494931461348
2023-02-01 02:00:00,49661.30470785881,49808.48236448883,49631.76384666928,49659.167334051046,4425.91742291273
2023-02-01 03:00:00,49693.37692618138,50087.67091222227,49489.20121884144,49664.60389883798,5098.933787028884
2023-02-01 04:00:00,49621.96106560919,49678.12654977677,49129.29995784187,49671.26366949396,3230.9496962606013
2023-02-01 05:00:00,49652.56792466845,49745.33402555312,49646.04810670605,49671.63561094008,4023.5999513362026
2023-02-01 06:00:00,49614.69383594448,49738.48883348246,49553.728042133596,49675.94931387127,4804.214729031419
2023-02-01 07:00:00,49705.247516910385,50048.456849906586,49139.812356204005,49676.91075518847,5853.201545051555
2023-02-01 08:00:00,49706.62242552049,49735.31914168988,49639.87425786305,49680.95503603233,5107.207962040134
2023-02-01 09:00:00,49732.44739968945,49757.7737164315,49636.31585795059,49701.31277410127,3376.617470058756
2023-02-01 10:00:00,49697.56073327958,51015.32023279184,48127.94700770519,49705.72450013894,5308.009902217341
2023-02-01 11:00:00,49761.35509553363,50222.71193296972,49701.03767630739,49738.869752207276,5697.974030130097
2023-02-01 12:00:00,49720.92584823659,50315.891153431905,47147.45629112425,49754.982722466906,4861.917665338518
2023-02-01 13:00:00,49763.3851791404,50911.52948253798,48735.31710446165,49768.709011096274,5094.621044669358
2023-02-01 14:00:00,49649.40932587577,50255.525587308744,49423.67369062203,49774.17184998194,4715.163062257799
2023-02-01 15:00:00,49946.45815313613,49973.760876191816,49738.24000949748,49792.18704818357,4350.635180386119
2023-02-01 16:00:00,49788.21453108244,49920.79241235725,49253.363582053484,49800.07858682224,6177.184963184339
2023-02-01 17:00:00,49698.85494512574,49862.81891723495,49330.60270132528,49813.63612004632,4769.3383333602915
2023-02-01 18:00:00,49918.66013444084,50159.484741814456,48920.917399351005,49846.78394307236,2564.6876682171114
2023-02-01 19:00:00,49818.14643671583,49978.94441601687,48965.48061928027,49858.76916818901,4734.7624595297975
2023-02-01 20:00:00,49894.2021330661,49931.70327061705,49840.54197472309,49880.80446916836,4403.105215268029
2023-02-01 21:00:00,49882.66944918888,49945.54001605095,49614.369105283906,49888.10842138448,6362.132403685079
2023-02-01 22:00:00,49894.87783154241,50161.176340923594,49701.243661652814,49900.84695211051,5184.309064078104
2023-02-01 23:00:00,49833.02485325395,50533.94269300026,49318.10652285795,49928.12168311604,4408.721990630294
2023-02-02 00:00:00,49876.553276775754,50470.81420937488,49116.417890941164,49936.30495839955,5720.996952905636
2023-02-02 01:00:00,50110.353430251336,50652.072846463096,49462.093352175434,49964.09502917493,4434.607029714599
2023-02-02 02:00:00,49959.63752913045,50131.96874726431,49721.78900908518,49983.1397683325,3618.408281536419
2023-02-02 03:00:00,49880.95457869474,50923.568203608076,49339.81268802993,49992.11575589007,4368.562972516816
2023-02-02 04:00:00,50072.159185222554,50488.54461840392,47779.6932416419,50010.74448019588,4433.294891944947
2023-02-02 05:00:00,49999.310946513215,50450.964997521914,49607.09758605687,50032.18884704391,4613.45838410224
2023-02-02 06:00:00,50061.34917437739,50290.61155850761,49471.58063164276,50050.92244065553,6271.065326007034
2023-02-02 07:00:00,49971.24113356002,50425.7915950063,49169.29362545805,50052.2156387432,5321.291470757388
2023-02-02 08:00:00,50130.05693567792,51747.977971125074,46449.348503769084,50060.35010374324,3521.2228761537144
2023-02-02 09:00:00,50035.49635819654,51469.4180863887,46240.566171420716,50072.41875350491,4649.221794398446
2023-02-02 10:00:00,50121.8061421521,50440.95153950763,49739.17559901187,50085.96997638899,5450.962634776477
2023-02-02 11:00:00,50026.45770277947,51196.2637251343,49988.583697079,50105.18057504314,6091.805339074645
2023-02-02 12:00:00,49994.52760481266,50131.64357896341,49919.903848457085,50120.9465615284,4106.253980916285
2023-02-02 13:00:00,50115.879311232995,51252.42346787862,49465.83772774439,50124.70795165899,4098.624320102826
2023-02-02 14:00:00,50137.94664683076,50780.12660232642,49932.00525668919,50142.29404069316,4765.075728479025
2023-02-02 15:00:00,50201.84582011268,51881.211605436234,49582.843518720394,50161.82417351323,3900.9552484451274
2023-02-02 16:00:00,50189.14362894193,50998.69008235716,50078.004417886325,50181.04944861553,3247.622904859003
2023-02-02 17:00:00,50238.30169973298,50382.33404240803,49183.87380132664,50204.54469917762,5403.274563037172
2023-02-02 18:00:00,50186.18441660998,50326.10813386712,47939.07494312951,50226.1676674652,6673.441885622985
2023-02-02 19:00:00,50306.54802838307,51008.194516175885,49692.4204160974,50244.895802907784,7231.498911027748
2023-02-02 20:00:00,50298.26304053141,50299.73675130168,48208.89618284101,50259.49277759182,5492.88397185187
2023-02-02 21:00:00,50231.25397948131,51238.4616963704,48834.56890246342,50261.467482160944,3505.243853550356
2023-02-02 22:00:00,50281.54776060179,50379.97850374169,50169.062994712905,50280.27138193623,5530.89431421595
2023-02-02 23:00:00,50291.21141079931,50817.57827241487,49906.50674340455,50297.40485394049,7053.818690086596
2023-02-03 00:00:00,50421.08327655229,50449.61001095528,49190.44459942696,50315.15491025692,6368.0793504886005
2023-02-03 01:00:00,50363.45332101446,50518.526549050584,50277.80230633403,50320.62422509095,4407.759155187186
2023-02-03 02:00:00,50327.803383783095,51001.39084842013,48212.56614987926,50327.765360781195,5446.981717009852
2023-02-03 03:00:00,50435.33443738576,50836.031055721105,50197.83850926641,50352.08684694965,5486.309993350222
2023-02-03 04:00:00,50449.53354479142,52452.42376028029,49972.58725931196,50367.77371911486,6590.403568573639
2023-02-03 05:00:00,50349.17042313647,50412.81006424536,50099.69694173174,50389.3364468113,4606.01331875688
2023-02-03 06:00:00,50421.22526851881,50962.439834019315,50124.526902538266,50405.781467241555,5863.528242521521
2023-02-03 07:00:00,50480.46528911506,50690.97595966859,50341.42915430814,50422.34606755828,3829.719293603225
2023-02-03 08:00:00,50414.45915924665,51505.18681898918,49798.4979590923,50446.28727733752,4785.8496892888115
2023-02-03 09:00:00,50442.49727278365,51798.29397576062,49479.32852780275,50458.70254118611,4162.90986638496
2023-02-03 10:00:00,50498.66352161678,50510.496345639396,50411.26157309342,50476.12408948195,5479.003143392759
2023-02-03 11:00:00,50599.18152606637,50768.20041687247,50361.04053025416,50489.18769156597,5963.925423055571
2023-02-03 12:00:00,50522.74504915013,51150.67159738731,50433.263855291785,50502.58299420259,4682.239105982604
2023-02-03 13:00:00,50571.220454908864,50748.666277624565,50285.5792671246,50517.09058732536,4412.884729379853
2023-02-03 14:00:00,50514.48927933891,51365.80525917028,49043.473418290014,50535.95853870341,3573.1734232186577
2023-02-03 15:00:00,50592.93053417238,50711.74637679045,50491.832117046804,50549.329539326565,5817.306203738326
2023-02-03 16:00:00,50638.313559767616,52763.453568940655,50233.02625253957,50576.68686748583,5109.571580077858
2023-02-03 17:00:00,50587.05174538436,51232.89270610111,50020.260800437776,50586.951742834084,4138.950327834425
2023-02-03 18:00:00,50654.6060032656,51160.735057408565,49412.13262156578,50602.98910701807,5341.2158424920335
2023-02-03 19:00:00,50620.88579298106,52178.60705609384,46604.44928929604,50617.11433235147,5598.099155047466
2023-02-03 20:00:00,50683.03345337806,50701.28504890922,50527.127070097624,50646.44408253847,5180.071037695981
2023-02-03 21:00:00,50623.54048199936,50969.337554697246,50383.70406815754,50665.881402016676,4502.645628585907
2023-02-03 22:00:00,50615.64019040312,50800.21456571017,50351.03546781027,50692.112078620645,6707.329809559223
2023-02-03 23:00:00,50633.50430010592,51398.16704521368,49588.86336633857,50698.3146238812,6336.657357758983
2023-02-04 00:00:00,50734.89016754357,52653.419788186344,50508.2142814283,50718.649215253674,4904.888352299234
2023-02-04 01:00:00,50728.32514511829,51267.22285909099,50639.00869382412,50744.07564906554,4959.6660897859565
2023-02-04 02:00:00,50767.902075737715,50891.02602454968,50103.89032570037,50763.154528036,5072.153236821761
2023-02-04 03:00:00,50732.13977568122,50855.807163372556,50557.37982167644,50790.21020337208,4281.935216381736
2023-02-04 04:00:00,50816.43106181057,51493.4432028657,50595.69940559847,50804.71494337615,4104.6456263408
2023-02-04 05:00:00,50953.5868350036,51883.718833400555,50257.48006213281,50834.74396014387,4273.258095117981
2023-02-04 06:00:00,50807.63430438143,51380.994015942066,49883.044334057784,50872.00053084006,4793.015410901631
2023-02-04 07:00:00,50929.92213172481,51808.197269000026,50308.87732938972,50888.07429986134,4655.901971737667
2023-02-04 08:00:00,50911.11908419831,50999.90297813481,50879.081359702184,50903.597776918854,6530.334564354411
2023-02-04 09:00:00,50994.10875612512,52181.555146853425,50287.50930662793,50934.42328228114,3544.9453949094477
2023-02-04 10:00:00,50938.46974478443,51541.51960976581,50927.7560877556,50966.36911864809,4197.80059196482
2023-02-04 11:00:00,51037.171314887215,51705.27417923785,50930.34050910634,50981.60620945711,5955.802745112481
2023-02-04 12:00:00,50995.43299677227,51005.95876651162,50657.924006502355,50997.775264858545,5590.744335510326
2023-02-04 13:00:00,51018.40903611434,51101.90419004144,50683.315706674155,51015.16196893292,5257.600857398129
2023-02-04 14:00:00,50979.06658927353,52516.83918705086,49297.73496160699,51024.157613994656,5724.591778723123
2023-02-04 15:00:00,51028.57850232671,51456.92424988103,50986.28987773733,51036.669738175624,3435.377872664196
2023-02-04 16:00:00,51093.09795671421,51276.316715895024,50824.194254465794,51048.60785009701,6579.437891694859
2023-02-04 17:00:00,51120.550788630615,51216.76238526935,50961.363491486125,51062.54639904022,5438.4126994966455
2023-02-04 18:00:00,51089.22759937686,51433.76469543518,49889.87321173169,51082.4593194343,5337.482074726399
2023-02-04 19:00:00,51096.60797488537,51430.317204703635,50668.32239069879,51104.63267106328,5876.714186386116
2023-02-04 20:00:00,51121.82563127588,52842.574168873485,49196.074548947,51137.44529303704,4938.902491994132
2023-02-04 21:00:00,51171.29518929857,52065.33518986297,51132.31856972126,51149.975798850835,6278.575167939374
2023-02-04 22:00:00,51123.38860917638,51925.38982729545,50061.93402562478,51178.47615811288,2287.387436189562
2023-02-04 23:00:00,51124.24319946154,51270.427660531444,51078.51322184539,51197.498177298745,4641.755622092492
2023-02-05 00:00:00,51161.75079931856,52514.509891054084,50105.30192133238,51217.94424159026,3837.934179743717
2023-02-05 01:00:00,51223.82176977667,51453.76817057827,51121.22373610464,51244.29209605275,4340.251358746034
2023-02-05 02:00:00,51262.81929617481,51743.456638993615,49940.59190472732,51256.366809987136,4106.40498628088
2023-02-05 03:00:00,51281.21625407334,53295.70560455011,50833.539865079125,51280.58942330576,6370.101853610371
2023-02-05 04:00:00,51301.53495434048,51410.353659532804,48988.24048066558,51303.19086199906,5520.756120358711
2023-02-05 05:00:00,51255.31102611239,51461.0511719047,50976.230042476396,51328.50640617232,4368.348475486356
2023-02-05 06:00:00,51333.631091411415,51407.34157523852,50589.576671026596,51352.301416839,4778.218596283865
2023-02-05 07:00:00,51361.08080187128,51445.86735815343,50607.86193308855,51393.530808563395,5360.441676292773
2023-02-05 08:00:00,51361.834276322355,51706.786297307845,51155.026444224044,51410.12079738674,4395.093236071825
2023-02-05 09:00:00,51455.30707177987,51784.16649263059,50560.207071232195,51427.66922506125,6006.606541032628
2023-02-05 10:00:00,51426.176253605845,52990.80145181677,51249.2305966752,51444.58456298676,4613.677524552824
2023-02-05 11:00:00,51533.665062164684,54586.999867925886,49184.555684798,51462.144819039226,4668.647700912151
2023-02-05 12:00:00,51518.95868548403,51749.13527033627,51029.566441336516,51479.15294594654,4399.614307128894
2023-02-05 13:00:00,51514.652621155285,51654.033106157614,51371.72351052712,51510.87498126349,5493.977382205645
2023-02-05 14:00:00,51582.788011190925,51617.14198967959,51140.41190757427,51544.55111402021,4596.712208089061
2023-02-05 15:00:00,51609.331852583506,51625.32968789985,51456.99516994937,51562.39894322177,5056.741683296819
2023-02-05 16:00:00,51587.84027335663,51695.49954412753,51459.00307644346,51578.25509272726,4405.789127618334
2023-02-05 17:00:00,51550.96300625038,52049.03102951713,50629.63330351001,51604.64208843008,4684.918072091076
2023-02-05 18:00:00,51698.65975226344,51824.678698151205,51514.2009099804,51622.94012415349,3809.083494026273
2023-02-05 19:00:00,51602.82835552939,52445.92276141912,51359.693898562036,51650.81900848726,4414.207276551309
2023-02-05 20:00:00,51600.89364223056,51894.94965841714,51342.62543991054,51675.3568824557,3052.6575258591856
2023-02-05 21:00:00,51644.35073877274,52553.03711894272,51575.12011102831,51686.243919237226,5028.775564080998
2023-02-05 22:00:00,51784.42830546394,52021.77399607994,51605.350820641375,51721.734880122116,6101.33016488955
2023-02-05 23:00:00,51879.63498215904,52271.87300414428,51049.42521273809,51759.3101700007,4893.90936465858
2023-02-06 00:00:00,51777.31476939131,52273.130687879435,50109.122404780755,51777.71288800417,4508.43806098107
2023-02-06 01:00:00,51771.24082096633,52703.98434494824,49733.953507750404,51798.01246226206,5111.129375296512
2023-02-06 02:00:00,51753.41034184305,52429.41791655798,51359.13606894146,51823.79612207182,4885.44057252748
2023-02-06 03:00:00,51885.88722149369,51924.67704098393,51837.93931060656,51850.06344451839,4954.877109675948
2023-02-06 04:00:00,51873.120854543704,52017.02935142573,51714.530402973185,51879.017770726496,5031.759456581451
2023-02-06 05:00:00,51896.434765468875,52018.88605337297,51804.53965802581,51918.879046585374,4279.029891530104
2023-02-06 06:00:00,51887.42147295793,55850.8449338091,49766.32571328304,51941.33613082833,2922.880146226126
2023-02-06 07:00:00,52070.40951844202,52448.13328246064,51474.34123312267,51958.91478401855,3500.8187980423018
2023-02-06 08:00:00,52030.39379357561,52509.043951612504,51333.96023757708,51971.93696878056,6390.25532751199
2023-02-06 09:00:00,51977.43027511489,56267.50243398255,50451.833952069166,51990.23730483999,4573.195805064743
2023-02-06 10:00:00,52004.43906737728,52315.606997680465,51661.14635720469,52014.21042579181,4828.326346075217
2023-02-06 11:00:00,52071.512010233375,52145.28016040024,51016.18317552005,52052.894700777586,5072.252048237916
2023-02-06 12:00:00,51998.26797534313,53177.2514160039,51727.12089279688,52073.17060543238,5439.452690457991
2023-02-06 13:00:00,52098.19483522169,53978.517628646376,50985.064392234744,52099.465987545555,5754.958766141965
2023-02-06 14:00:00,52123.72897350245,55342.924498691355,50778.245189385765,52123.9272598892,4097.1910730372
2023-02-06 15:00:00,52164.20756699055,53249.49629892066,51415.16716214563,52158.11392545616,3566.1941760715854
2023-02-06 16:00:00,52160.6011721424,52329.12903076623,51986.79960359738,52203.095048481904,5521.449399059529
2023-02-06 17:00:00,52219.403587800894,52651.636179322326,51608.13431509613,52223.699180268995,5181.989882622797
2023-02-06 18:00:00,52239.583262729706,53073.031427153444,52087.36635605508,52244.71943312747,5364.561477355457
2023-02-06 19:00:00,52210.947133039655,53327.683727092335,51861.44905421842,52278.09243723664,4770.9189690782905
2023-02-06 20:00:00,52265.662466993075,53858.124902109616,52101.90902984246,52308.650491621804,4449.412932999294
2023-02-06 21:00:00,52305.97691668003,53149.50507242631,51584.08135721886,52348.60952939611,4533.425928797224
2023-02-06 22:00:00,52241.41402142892,53354.28260435876,51359.27044442679,52378.54803694374,5135.190340987386
2023-02-06 23:00:00,52330.52477237103,52497.15159694863,52157.75020944223,52401.02172647647,5527.839349915587
2023-02-07 00:00:00,52424.450167190356,55186.84381922309,50628.1715204589,52431.175172203795,5784.146416353498
2023-02-07 01:00:00,52425.36143622087,52900.20892472745,50302.531939420594,52465.55242094422,5335.968173440577
2023-02-07 02:00:00,52548.634502385125,52863.30044464754,52320.339765487115,52497.70253948925,3493.474741960885
2023-02-07 03:00:00,52465.338387364216,53578.23280597557,51728.63307463605,52527.42485784602,5124.175684744613
2023-02-07 04:00:00,52494.97421496064,52629.06531815121,52255.17026637898,52561.69946675629,3792.240607456648
2023-02-07 05:00:00,52552.178682940576,53007.95636494286,52100.49515794484,52596.87134492663,4336.563842780512
2023-02-07 06:00:00,52617.25826489524,52638.93868983777,52523.0901082251,52633.821645851254,3170.318184791917
2023-02-07 07:00:00,52719.602216988606,53310.32397783482,52506.65402443349,52664.97907995797,5294.719252902301
2023-02-07 08:00:00,52582.84614964897,53336.94360073962,52339.89414392786,52689.683823990395,5703.140197236049
2023-02-07 09:00:00,52704.952589321576,56423.223689608225,51645.300508337496,52716.972360919935,6320.99578954071
2023-02-07 10:00:00,52704.983341726904,52861.98552186796,52629.36503841693,52752.81160161831,3973.919155804376
2023-02-07 11:00:00,52825.163059318795,53300.96354674213,52745.784069138186,52772.53482741733,4641.920553820682
2023-02-07 12:00:00,52737.91499668752,53370.23245851983,50962.297913827606,52801.813666071954,6065.376272259603
2023-02-07 13:00:00,52892.07933955859,53026.050953394915,52491.585405194404,52825.06634597013,6424.627732077243
2023-02-07 14:00:00,52898.3952271957,54147.186843043375,52349.987321642766,52851.764828977066,5145.42721740576
2023-02-07 15:00:00,52978.03501827363,53085.466471372536,50876.253894849135,52888.52929699524,5339.35581275622
2023-02-07 16:00:00,52912.69760182832,53052.486370729304,52615.32799378434,52916.66246510811,6119.687778553382
2023-02-07 17:00:00,52925.740657186376,52956.09453900644,52919.86630591564,52943.705048597905,4197.5699601351635
2023-02-07 18:00:00,52983.926839282634,53928.519503051095,52189.78752520119,52959.56319875804,4314.3250824098695
2023-02-07 19:00:00,52941.94208664718,53597.37210570793,52492.80259426812,52992.33532720466,3976.7467766244154
2023-02-07 20:00:00,52882.54836847659,53544.37825638338,52829.83602431941,53024.36559368469,5082.441766634843
2023-02-07 21:00:00,52984.7830348196,53389.20252748275,52831.43499812878,53068.601510367254,5581.781770628362
2023-02-07 22:00:00,53154.551770963844,53161.39761918083,53080.255631429136,53093.13184250738,4719.497946588383
2023-02-07 23:00:00,53116.194923368086,54779.48032232341,52094.79785985536,53121.93947627069,6402.009325919122
2023-02-08 00:00:00,53222.59666252134,53284.8354767166,52677.238829312126,53151.05004497758,4978.143252557877
2023-02-08 01:00:00,53269.30790849767,53414.836027050005,53026.537270983164,53190.84543472881,6288.863425206302
2023-02-08 02:00:00,53147.02395084736,53520.68544799462,53080.52341954688,53217.31829588007,5158.756050937543
2023-02-08 03:00:00,53214.44397450506,54487.60448324791,52902.07454907079,53246.84435468781,3206.9236020876106
2023-02-08 04:00:00,53292.11470527728,53374.93251848481,52805.5481302113,53279.05927575637,6594.177956204012
2023-02-08 05:00:00,53384.25276468068,53412.957687189846,53210.818062323975,53307.96096345427,5269.180920255159
2023-02-08 06:00:00,53269.04237786076,53670.149756924366,53125.81658572579,53331.85458066907,3159.7336152044318
2023-02-08 07:00:00,53334.018056406654,54222.48386787001,50831.68096680983,53360.927866451624,6740.94148659699
2023-02-08 08:00:00,53400.21320941714,54656.97378082635,52816.34988964896,53397.09217710819,4940.345688007808
2023-02-08 09:00:00,53373.25654219381,53757.91915069647,51942.22052619056,53416.509216346276,5203.359459998767
2023-02-08 10:00:00,53496.696470196504,54390.23667801292,51844.517519079134,53445.255257778575,5767.479344554131
2023-02-08 11:00:00,53525.64359485948,53529.97944979443,53464.751706677984,53467.38891863105,4774.737357508647
2023-02-08 12:00:00,53515.043256310084,54445.02536491591,53405.06214102797,53504.73548701459,4345.46642900169
2023-02-08 13:00:00,53540.37865098558,56733.33440085954,52223.801120595985,53520.38698369793,5440.059929023145
2023-02-08 14:00:00,53568.28355620497,54228.88580385463,52263.48316814242,53543.80263016268,4239.63635878387
2023-02-08 15:00:00,53595.24538466976,54148.65401236904,53407.27207246143,53574.75661286088,4958.528222000852
2023-02-08 16:00:00,53711.594282963764,54717.443484581694,52826.330450364454,53615.265600979925,4021.692050177502
2023-02-08 17:00:00,53672.43151871017,55479.594365132056,51508.28823401408,53642.77214951213,5200.698694288878
2023-02-08 18:00:00,53647.923255074595,53873.33686809262,53554.66017421077,53666.41011023313,4454.91277000441
2023-02-08 19:00:00,53641.41208811412,56707.4624511664,53424.16847613584,53709.585186858094,5299.085734021106
2023-02-08 20:00:00,53692.31153884278,54499.8886757267,51268.38951825358,53726.17242113449,4280.010466778061
2023-02-08 21:00:00,53669.43871279143,53950.274819985425,53286.34134253002,53736.79811231082,5702.659998499306
2023-02-08 22:00:00,53732.78504262095,53864.16550581977,53700.59106849287,53768.57843390101,5936.056167936016
2023-02-08 23:00:00,53794.50496678162,54544.4945575863,53247.08212659128,53792.86555314504,4450.210640361966
2023-02-09 00:00:00,53827.466485751276,54070.1314559983,53795.696854042646,53813.04187686627,5016.124787900472
2023-02-09 01:00:00,53819.316837219856,53989.915005645875,53548.39559564231,53847.09684057666,4304.850641923127
2023-02-09 02:00:00,53839.605489087626,53998.71956749989,53601.80125222477,53877.47658363097,5520.6894964226685
2023-02-09 03:00:00,53955.17675228187,55267.15000289604,52586.55142447167,53901.43382336202,4176.163130358846
2023-02-09 04:00:00,53911.78280370969,56770.92834367784,52113.94079838955,53919.70110168151,4750.630374827519
2023-02-09 05:00:00,53932.923264636935,53995.88833428665,52097.72842420535,53955.2296391199,4709.546083772211
2023-02-09 06:00:00,54066.1559796872,55727.24375386089,53659.24159707152,53989.018620694485,3036.7108521610257
2023-02-09 07:00:00,54073.48167487813,54113.840621732896,53148.316040658305,54016.850414963046,5859.833561467458
2023-02-09 08:00:00,54119.01593649552,54323.8451820529,52528.65219920597,54060.28588466814,4500.861048529634
2023-02-09 09:00:00,54036.74922221247,54369.79129755497,52683.825062023374,54080.42410438802,6783.922595201769
2023-02-09 10:00:00,54049.14006918149,54364.929875178575,52811.13601241253,54096.95468474918,5614.944639031378
2023-02-09 11:00:00,54164.11911326615,54347.23284308175,52500.77606283641,54120.18945394961,3972.076234989261
2023-02-09 12:00:00,54127.34413271866,57053.38498890509,51362.50323883491,54148.62942832835,3998.685345802033
2023-02-09 13:00:00,54127.69417050239,54697.257080328556,53621.873055710814,54179.414820643244,4820.48542512752
2023-02-09 14:00:00,54164.81746511734,54462.824218992966,53810.22704993531,54206.35701748618,3058.4321993797785
2023-02-09 15:00:00,54256.851096808896,55529.71852941402,48897.829736862746,54238.0783580085,5158.09487586681
2023-02-09 16:00:00,54246.39740487846,54521.396411059104,52763.31841056482,54257.00316472012,2876.0071818743645
2023-02-09 17:00:00,54413.47911810685,54540.159513802166,53556.139544925594,54297.522050539636,4370.787850470558
2023-02-09 18:00:00,54327.68594713212,54404.90281585888,54285.18855374784,54325.86468868643,3903.1249206160137
2023-02-09 19:00:00,54411.24700909958,54700.87508044485,53627.23932070932,54363.833422942866,4835.850587278226
2023-02-09 20:00:00,54396.1136176069,54471.77645746625,54048.34750289092,54395.6355646843,5684.450477636428
2023-02-09 21:00:00,54481.52493957844,55000.61914675136,53924.52254552388,54428.37936215919,5687.426755126504
2023-02-09 22:00:00,54437.3363166524,54547.89868432248,54378.76838244645,54462.05617645694,4799.79874569963
2023-02-09 23:00:00,54578.660138333056,56976.58710093527,54064.53956422811,54494.78490725646,6230.7029049844705
2023-02-10 00:00:00,54479.64903131405,56961.61402101647,52748.37948862272,54529.10163033862,4136.020150923921
2023-02-10 01:00:00,54519.26174149809,54664.93599596784,54467.38862318221,54568.93717332012,3695.1831095670505
2023-02-10 02:00:00,54521.45727645896,55003.61365693059,53505.31896070412,54599.73856098062,3576.041887802393
2023-02-10 03:00:00,54527.33445890172,54923.60463024372,54526.87233635213,54634.66622963957,4456.3931039069475
2023-02-10 04:00:00,54763.476647331314,56653.658264844744,53449.88274481802,54663.229938752105,5749.2825568794515
2023-02-10 05:00:00,54622.245783238955,54712.09735193151,54509.25823154211,54704.05797415431,4564.235503029381
2023-02-10 06:00:00,54686.89308050487,55285.70958188574,54634.08141503167,54727.97899466775,5385.970092568876
2023-02-10 07:00:00,54822.576448683074,57104.616682445994,54026.59096247609,54771.74330797134,4741.991463802391
2023-02-10 08:00:00,54769.837278595194,56105.52462694027,54176.50609692583,54800.80304631553,7441.221722471913
2023-02-10 09:00:00,54823.80800104312,55052.048559699564,53606.28119219426,54818.76165241194,4006.406996068552
2023-02-10 10:00:00,54807.81088614456,54888.72123094389,52686.69862809652,54849.2147042333,5022.339239318608
2023-02-10 11:00:00,54881.52574425089,55425.51316420546,53724.29982247154,54873.217533568946,5898.511704551564
2023-02-10 12:00:00,55010.80110191523,56764.20356076693,54676.56416653756,54909.41657914103,4988.484911923355
2023-02-10 13:00:00,54993.83310313522,55906.505065284386,54337.442354230385,54933.69177965304,3677.6525653167046
2023-02-10 14:00:00,54996.278081262135,55603.260317156884,54754.96425307762,54959.64045247176,3652.746082418651
2023-02-10 15:00:00,55004.35552697304,55729.19245397456,54676.78358984958,54974.06387990525,3372.6882720526846
2023-02-10 16:00:00,54997.57144018953,55149.945558063104,54958.693230132805,55000.00647306757,5180.294880503445
2023-02-10 17:00:00,54928.98796846252,56628.93313933549,54361.24559145845,55010.197462514574,4903.239896813111
2023-02-10 18:00:00,55221.32272166166,56605.77926169902,54526.708690723724,55027.128946794866,4292.447714705893
2023-02-10 19:00:00,55023.178452880216,55730.73873301682,54998.678370495305,55062.83536882356,3525.4973129517643
2023-02-10 20:00:00,55101.79559445166,55542.546736160126,54612.363125410826,55098.76500060481,4632.796065788251
2023-02-10 21:00:00,55067.65551433486,55245.34282676628,54795.090553536545,55131.8317579584,4109.431189408986
2023-02-10 22:00:00,55227.6475877774,56825.43679836541,52446.24074392232,55153.778665500395,6068.792321394292
2023-02-10 23:00:00,55123.03717252535,58817.243932297024,52637.932252183775,55183.099077580635,4968.481486671896
2023-02-11 00:00:00,55177.96073492257,55335.66865471837,54974.133512517496,55212.791525853325,2967.6462357016153
2023-02-11 01:00:00,55234.429856383445,56885.64868971486,55135.048023855175,55233.26483505531,3925.338960567137
2023-02-11 02:00:00,55322.20976774071,55536.25397575917,55266.692320989,55275.051011907126,5878.963973070651
2023-02-11 03:00:00,55391.85957129598,55636.35155848726,55083.42474977786,55311.84748315556,3698.890733608655
2023-02-11 04:00:00,55393.26600324615,56010.493237303774,54883.92786459209,55339.8757571612,3205.8081334505637
2023-02-11 05:00:00,55268.10648931852,56447.17252944983,54826.95889735004,55369.90509099713,5702.533313933855
2023-02-11 06:00:00,55466.288850658464,57629.163206776284,54414.50424039384,55401.40451887949,4001.9053722309645
2023-02-11 07:00:00,55420.15923325381,58931.68616409761,50229.734164140944,55414.92099556399,5097.155787086248
2023-02-11 08:00:00,55455.67978698603,56073.416413024475,55019.15000551763,55442.81180765379,5195.0769254226025
2023-02-11 09:00:00,55435.15637332776,55513.44785546247,55400.31746004725,55467.24193906135,5826.403317330524
2023-02-11 10:00:00,55486.27263833387,57751.15753207495,54109.11496394163,55489.132670785446,6349.179048888705
2023-02-11 11:00:00,55534.62593150244,55561.81414745922,55474.47925581896,55516.805172298504,3048.397087117113
2023-02-11 12:00:00,55633.879707633954,56038.62216729454,54579.23900501362,55561.125519555084,3745.8390130043963
2023-02-11 13:00:00,55518.242206068615,56886.69919382706,55504.39609977733,55596.20862131397,4942.049458237282
2023-02-11 14:00:00,55675.140208849334,56293.93595128818,54919.25441139881,55621.6130182544,4369.154449209143
2023-02-11 15:00:00,55698.98632710257,55873.84881548419,55654.49179085676,55656.18495904791,5398.763764424814
2023-02-11 16:00:00,55598.37633676509,56322.54450323328,55393.94838077843,55697.388523997935,5707.457710864381
2023-02-11 17:00:00,55824.42860786749,56996.577438574444,54568.62302768799,55734.81176460254,6443.670319166238
2023-02-11 18:00:00,55767.12726077165,56050.77266743263,55527.42303653795,55765.33244869315,4690.93376326174
2023-02-11 19:00:00,55788.26005989329,56175.94277540858,55205.354135552625,55790.21809942972,5055.19924253009
2023-02-11 20:00:00,55735.13804146824,57099.46888845709,55660.47934847747,55825.8825820825,6137.381097628914
2023-02-11 21:00:00,55876.469510298055,56379.54502844752,55342.80672766946,55859.1267733626,5322.504660289905
2023-02-11 22:00:00,55866.67226101938,56660.28738951219,54368.65490845748,55896.402313731276,6605.355962361807
2023-02-11 23:00:00,55843.72339792628,57208.15731567526,52714.18636688381,55931.615456994776,4217.4086374518665
2023-02-12 00:00:00,55946.99575631273,56365.47843535233,54640.98859051771,55970.161523085444,5797.975254581906
2023-02-12 01:00:00,55996.72873007863,56054.46680627996,55205.55296061559,55996.047275974175,3846.915668260218
2023-02-12 02:00:00,56059.13041400735,57198.05724825128,55684.63436519758,56036.77218137527,5142.990634809216
2023-02-12 03:00:00,56053.39792027076,56121.55930173881,52273.16187785177,56068.556990816534,5686.956632098678
2023-02-12 04:00:00,56148.91256120354,57375.15179840442,55913.46718194102,56115.381504873716,5236.223646264233
2023-02-12 05:00:00,56118.5294626666,56357.087409796455,54425.42595423287,56140.10901189133,2919.2594746090217
2023-02-12 06:00:00,56131.62335183631,58043.36922502322,54532.84869342814,56184.25649560112,5731.898069234381
2023-02-12 07:00:00,56261.13086886044,59166.50813484555,55428.04779317908,56216.1185132834,4843.522623876842
2023-02-12 08:00:00,56311.13926856607,56611.76915788986,55989.75087465893,56241.205066325114,4691.0399854020925
2023-02-12 09:00:00,56275.42061069743,60742.525229333005,56141.98565946445,56267.65126296565,5865.28975613525
2023-02-12 10:00:00,56389.83933897732,57174.010407236005,55655.81457900537,56295.42538764078,5675.137056406921
2023-02-12 11:00:00,56481.872292473534,56605.10816907827,54632.775322365276,56329.175484699954,3592.912805215983
2023-02-12 12:00:00,56356.553936624,56389.19328545475,56282.69430870268,56363.7350638247,5633.225310115094
2023-02-12 13:00:00,56280.43101510276,56454.838431996235,55245.451746043625,56389.54275692501,5353.770630891389
2023-02-12 14:00:00,56428.98264910795,57881.08516875103,55371.362730191606,56419.76589612689,6061.256258512118
2023-02-12 15:00:00,56566.341267540294,56745.06417208023,56055.96612193197,56467.34301527946,5687.238450395288
2023-02-12 16:00:00,56464.071929132166,56746.98061708033,56442.10126257274,56511.62360735922,6342.180131244854
2023-02-12 17:00:00,56546.9011660499,57913.742105192054,56122.46929867383,56545.59605643217,6309.865169433534
2023-02-12 18:00:00,56565.962634979136,56626.2329208895,56557.607976684405,56576.40389191108,4609.591261719529
2023-02-12 19:00:00,56570.95199534028,56965.0355885351,56262.415255243,56607.890245344664,6353.0691601664075
2023-02-12 20:00:00,56665.755188659314,56790.81245442152,50509.87949568755,56643.347146531065,5309.726779136002
2023-02-12 21:00:00,56699.14893087433,58128.95294365542,55929.01119945787,56665.736589507396,4262.263295315159
2023-02-12 22:00:00,56736.287409359575,57418.7866065754,56180.111842116465,56694.27277029466,4614.5067590876415
2023-02-12 23:00:00,56777.76754228858,58598.67361998552,54703.97912992097,56711.54309575429,4596.934131963278
2023-02-13 00:00:00,56742.130259664766,56914.712782117844,56328.276897832926,56745.38009089483,4257.613629569265
2023-02-13 01:00:00,56888.989865819596,56903.98229116946,56638.27012740566,56781.22549948254,5038.555168784318
2023-02-13 02:00:00,56794.03697596623,56900.60191815296,56462.325125376614,56808.052910105536,6374.611267576554
2023-02-13 03:00:00,56918.85019381711,57313.41729112969,56681.79304317704,56851.36320954502,4275.697465792333
2023-02-13 04:00:00,56851.8866561544,57133.31477182938,56518.901091594846,56872.30144564276,5043.030973321282
2023-02-13 05:00:00,56773.85935033876,58549.466356990815,56552.56891052307,56891.35722829819,2974.960086323827
2023-02-13 06:00:00,56925.85425442236,56940.594144148876,56745.54941640768,56923.950520106235,5747.444971427056
2023-02-13 07:00:00,56988.79464948862,57024.20966371145,56360.62296788616,56963.152365523914,3520.8039816422333
2023-02-13 08:00:00,57011.18361488524,57140.67720456843,56873.11511102834,57007.4767247362,3256.327397603464
2023-02-13 09:00:00,57050.726867668745,57317.19688589389,56807.4356776919,57034.68697457735,6154.69376671672
2023-02-13 10:00:00,57052.666010712455,60562.82614710923,55952.87196213148,57074.226649523145,5014.004967371381
2023-02-13 11:00:00,57071.08673058379,58106.25140882787,56353.43877820718,57104.85824279673,3260.7948478272
2023-02-13 12:00:00,57004.48764236667,57392.594620575546,53061.78777974897,57134.44685679347,4987.956447040068
2023-02-13 13:00:00,57169.23473128615,57237.61963984214,56963.35506368923,57172.51628871943,5662.26298215962
2023-02-13 14:00:00,57305.308644739016,57596.73123247837,56344.662232607596,57208.76610275981,4371.850600244357
2023-02-13 15:00:00,57212.50744920247,57635.86435298946,55838.67538866433,57227.21784339879,4003.0683735978732
2023-02-13 16:00:00,57244.7198501103,57943.1701718851,56737.716377838326,57270.125268846394,5698.953071717421
2023-02-13 17:00:00,57305.55084035332,57323.1294040557,55923.08083159568,57312.293914373775,3528.873594626482
2023-02-13 18:00:00,57296.19061432592,57745.958801092806,56923.357828682856,57338.45073604139,5719.168666355437
2023-02-13 19:00:00,57368.04543337781,58727.74837390735,56147.75278031619,57372.812501799315,7452.369912868724
2023-02-13 20:00:00,57408.67674145202,58289.13793816454,54312.155544956906,57407.99470953008,4852.860495185893
2023-02-13 21:00:00,57491.54846502003,57550.718906353155,57303.30393064256,57441.34531792812,4165.728656932035
2023-02-13 22:00:00,57481.814668471554,59268.41972754364,57022.44905953095,57468.24397884687,6436.429519558867
2023-02-13 23:00:00,57433.56922020233,57548.62632409817,57366.71695274976,57494.208618166645,5769.968731335222
2023-02-14 00:00:00,57604.079123879084,59357.783473824995,57490.47814636865,57525.37898441991,6249.7104201843185
2023-02-14 01:00:00,57628.06983415395,58901.94530541534,56515.914350246145,57566.17344442308,4984.4369111297065
2023-02-14 02:00:00,57565.008617010244,59732.22306226244,54235.60463155193,57601.973366847684,5122.243004547066
2023-02-14 03:00:00,57582.97593729348,58141.79486169129,57237.45368170378,57630.498738682145,6121.4992118499285
2023-02-14 04:00:00,57638.50687001351,58016.38987838341,57380.057356203644,57668.20245959038,5456.249488528533
2023-02-14 05:00:00,57735.909619961174,62780.62401185175,53988.5908509697,57676.984781281215,4027.701755265165
2023-02-14 06:00:00,57674.15191594122,57834.17336539374,56662.44037478705,57717.786794752195,3882.07239196326
2023-02-14 07:00:00,57681.931633084234,59945.501678707675,57050.3794270064,57735.52289826368,3190.732285411742
2023-02-14 08:00:00,57757.52284601766,58098.62679627168,57577.727480851456,57764.31981769361,5474.633485566792
2023-02-14 09:00:00,57855.190070327444,58188.96101564161,56662.11747212161,57787.102252546836,4526.3545423488085
2023-02-14 10:00:00,57850.410424141155,65912.30348455632,53060.332721429906,57808.52866191178,5241.802071555749
2023-02-14 11:00:00,57847.52778844924,58455.66129350623,57841.23424529347,57849.64393073109,6210.6745525421975
2023-02-14 12:00:00,57901.61942465979,58492.72289923594,57246.352214681894,57877.77650105115,4548.697135656335
2023-02-14 13:00:00,57864.855334980595,59430.54962011007,56803.230784089144,57912.46897517045,6419.455680797839
2023-02-14 14:00:00,57951.388620629456,58484.896733712754,56693.367838167396,57944.06105991862,6311.162296603617
2023-02-14 15:00:00,57997.642239158435,58229.15781707603,56785.665489191226,57979.892590651245,6943.528881122197
2023-02-14 16:00:00,58051.07070882727,58984.98419693116,57523.140153698514,58012.57087808204,6038.012527315962
2023-02-14 17:00:00,58134.70129787308,58551.01790236918,56893.8413064202,58034.419919045606,4494.5102445554885
2023-02-14 18:00:00,58077.93373978753,58173.37450377754,57611.41703483021,58074.553061679566,5470.482996129106
2023-02-14 19:00:00,58129.791118306304,59525.914742774774,56790.78625454937,58102.81681366213,5397.0466698824
2023-02-14 20:00:00,58145.609689098776,58484.24454093052,57260.55959839863,58122.62953110087,4751.026344719325
2023-02-14 21:00:00,58133.14162040349,58266.36350191921,57972.701558251225,58151.52232577403,5833.179431270182
2023-02-14 22:00:00,58200.4389543317,60153.03847159193,57680.6353122105,58195.89924246573,5044.0625674066
2023-02-14 23:00:00,58315.9948127112,58620.41651394828,57419.74592569956,58235.12575974494,6365.526462526266
2023-02-15 00:00:00,58298.262424296256,58378.93599274817,58129.64041589194,58264.815976830316,4227.807612195621
2023-02-15 01:00:00,58272.66722063906,59652.85486039839,54631.567830008906,58294.55682906456,6179.988529689786
2023-02-15 02:00:00,58330.25773700933,58608.80586880374,57833.61677975653,58324.574933942175,7288.79066088029
2023-02-15 03:00:00,58419.48710820364,60296.085819408814,58332.8343963439,58373.83716881984,4752.1198809213365
2023-02-15 04:00:00,58408.98750184711,58977.09031689761,57894.02888695715,58409.59876583611,3205.8564888014
2023-02-15 05:00:00,58426.71922320835,59184.586543562924,58299.027577333305,58445.80387360328,3443.0489132935218
2023-02-15 06:00:00,58403.65076045179,58508.298653789,58360.70997820501,58486.870377722415,4549.005982970691
2023-02-15 07:00:00,58476.454740941655,58541.60759880064,57955.62415259333,58521.66519175742,5630.875603596156
2023-02-15 08:00:00,58716.029340473455,58904.45600043319,56923.47521390226,58552.53842344886,3219.3743270925106
2023-02-15 09:00:00,58629.4496180032,59481.52236794102,56405.642368885485,58583.97506663643,4745.523923354658
2023-02-15 10:00:00,58644.334834191446,59215.309848731995,58067.90441204174,58616.47237766499,3944.0101880731563
2023-02-15 11:00:00,58595.95552996913,59584.784205515636,57836.27347751846,58649.30820674201,3652.004215632831
2023-02-15 12:00:00,58686.446630039776,59527.91227312389,57867.685526825364,58688.32714317271,7111.296334099585
2023-02-15 13:00:00,58703.03601514721,59093.16573247038,58277.17805015315,58722.005710971185,5621.346739969103
2023-02-15 14:00:00,58743.21749224547,60138.97909958313,57323.13389099163,58761.19574048437,4904.658908803317
2023-02-15 15:00:00,58661.918777100735,59191.522588194435,54758.22844476654,58793.94563227479,4646.7358645618415
2023-02-15 16:00:00,58845.42223366116,58993.67451555474,58745.24308219709,58828.03786068001,4662.184905808597
2023-02-15 17:00:00,58917.89651179824,59258.36519323064,58660.515135581896,58845.583730780294,5808.571006890117
2023-02-15 18:00:00,58840.9247970482,59074.13593717661,58840.36966525439,58886.51496178111,3940.7882916270983
2023-02-15 19:00:00,58892.54629849326,60175.46228795502,57257.279284377946,58922.957417404665,4820.380278594367
2023-02-15 20:00:00,58971.867307293556,60505.147012785106,58761.52627905017,58964.682787116624,4332.66661878352
2023-02-15 21:00:00,58987.442391158984,61038.421162055165,56858.95508794575,58975.325575124756,4501.012744020888
2023-02-15 22:00:00,59167.865488284886,59615.279285565404,58068.57120049766,59025.91774532493,3822.77358254879
2023-02-15 23:00:00,59164.05553238425,59300.940631269164,57742.15628825081,59058.75933962473,5670.049671815524
2023-02-16 00:00:00,59007.93094198482,59307.22143265252,58482.35410669331,59101.65704715263,4926.892697991061
2023-02-16 01:00:00,59187.514542816105,59564.7251394571,57738.60964911056,59127.444770739305,2950.525514330319
2023-02-16 02:00:00,59203.015315856755,59334.27200697489,58509.638895610056,59166.52944853303,4471.001585796873
2023-02-16 03:00:00,59166.8220344035,61892.30860009303,58229.43920183345,59192.36091263408,4689.062483648906
2023-02-16 04:00:00,59219.34212153974,59795.929477239464,58244.77718398077,59221.7066348406,6058.170093824102
2023-02-16 05:00:00,59272.13574256591,59819.17599614657,58858.72449801898,59271.4326245761,6679.747382221529
2023-02-16 06:00:00,59418.101447844325,60037.129423103346,58836.0771324876,59304.399545274224,5855.201507748263
2023-02-16 07:00:00,59418.67156937357,59423.52445647587,59068.45869763562,59340.71080117788,4786.406757794957
2023-02-16 08:00:00,59315.304980522225,61152.450194688434,57726.58165622363,59382.323316764356,5363.004284806077
2023-02-16 09:00:00,59399.72498316885,61926.59198729162,56993.2865810212,59421.02168980311,4416.277866437399
2023-02-16 10:00:00,59458.81125364723,60285.31908612617,57541.367670400316,59457.03966187584,4265.189102465809
2023-02-16 11:00:00,59366.76914690676,59546.11403557215,58431.190522415076,59494.85642742742,3571.095393488273
2023-02-16 12:00:00,59588.797859028025,59628.76415179648,57616.7053971647,59549.06403501671,5662.536033398613
2023-02-16 13:00:00,59521.74676772226,60385.759933773625,59133.079062721314,59583.667316241816,5169.747767970662
2023-02-16 14:00:00,59656.671118983875,60419.24991498599,59517.48263717957,59620.425026645076,6446.94414638698
2023-02-16 15:00:00,59570.21366554813,60494.06240191112,58786.14825854005,59664.06459819439,5254.7311373802095
2023-02-16 16:00:00,59677.832196622905,59782.92656508225,59547.15427947143,59708.22928627868,5305.665568642596
2023-02-16 17:00:00,59699.4949126877,60310.229973100875,59371.4282116229,59753.13287321093,4951.170164066297
2023-02-16 18:00:00,59573.1964899439,60021.15235979262,59462.93992266856,59793.737636487094,6505.06203860833
2023-02-16 19:00:00,59829.91532461569,61761.67230310709,58123.66529748955,59820.176802138165,5393.975225864402
2023-02-16 20:00:00,59838.704566967855,60640.40310691448,59135.66567126488,59868.91644231894,7721.9121479064925
2023-02-16 21:00:00,59961.496690850385,60459.18857471019,58270.64666852348,59895.507542439984,5394.957970323308
2023-02-16 22:00:00,59882.63339272856,61175.28223243862,58976.79041942723,59933.78084978294,6852.04004481367
2023-02-16 23:00:00,59897.87309981981,60144.87868543251,59178.60003558521,59963.68990439665,3171.594119158037
2023-02-17 00:00:00,60004.57541274891,61103.090115224724,59980.03099457157,59999.211766477376,5945.311771235865
2023-02-17 01:00:00,59925.517737301154,61394.48849808737,59263.8539487193,60037.96920369691,3940.962877987902
2023-02-17 02:00:00,60053.66156106213,60160.82541021951,59413.40535520669,60076.76042187175,6083.583103109995
2023-02-17 03:00:00,60207.82393436502,61064.129015549515,59811.82872883865,60116.44981587892,4160.472441982342
2023-02-17 04:00:00,60174.314053040674,61285.465905358884,59071.23481331972,60165.76783790471,5893.188347207251
2023-02-17 05:00:00,60143.90558744205,60580.00408031457,60140.75762540896,60205.89937563287,4958.74034734994
2023-02-17 06:00:00,60119.16618757512,60542.543072392305,59857.225589320165,60240.54493581316,4161.499383616047
2023-02-17 07:00:00,60272.01921269453,63508.70018306314,59644.213845885184,60284.95260563212,4124.185175353707
2023-02-17 08:00:00,60282.66166124882,60469.55023395539,59291.17882914977,60331.2601010497,5994.351519815424
2023-02-17 09:00:00,60328.15685498186,60949.79466181887,60073.397272827475,60358.328319254346,4803.906789323062
2023-02-17 10:00:00,60364.03606093715,61138.98276651087,60284.787547595304,60400.094530111644,5618.360566259665
2023-02-17 11:00:00,60505.14545410181,62984.29509690489,59659.94568261004,60442.7894222485,5850.719394460647
2023-02-17 12:00:00,60410.264092023994,61186.37325950008,59337.37983421278,60477.59348442989,4238.239629317354
2023-02-17 13:00:00,60621.264594229666,60638.60555861902,60262.21883998456,60525.88331885874,4122.382643137094
2023-02-17 14:00:00,60481.32900362993,60661.744439272305,60347.035962392314,60562.06720291075,6299.149820547667
2023-02-17 15:00:00,60557.28407669241,61553.98726353403,60314.953735782736,60600.5568204482,3764.296977950591
2023-02-17 16:00:00,60723.96436475715,60758.44014908541,60634.145876929186,60636.75844630236,6637.211644702853
2023-02-17 17:00:00,60596.56780521292,63481.19421936493,59949.30144723414,60674.570979910226,5166.4931271151245
2023-02-17 18:00:00,60718.37068761802,61475.35411531699,60700.2290922674,60703.59087614698,5117.707418460958
2023-02-17 19:00:00,60894.56158630309,61950.1700930902,60303.537172681914,60729.96324516044,5615.163984278581
2023-02-17 20:00:00,60772.17227128603,61325.07871691377,60255.22390164004,60780.7152126605,5385.710840531452
2023-02-17 21:00:00,60898.333508762655,61187.29153253461,60093.15139400025,60812.039059737035,6391.920887679918
2023-02-17 22:00:00,60861.595610371936,60883.170952790766,60823.00460380269,60842.31151762687,5054.051662846001
2023-02-17 23:00:00,60805.20352114805,61217.58824609943,60590.13213011172,60863.392488020676,3701.896096312842
2023-02-18 00:00:00,60940.12935990914,62582.330780455006,59924.642066094064,60896.69380343406,6467.85044499731
2023-02-18 01:00:00,61082.95974049827,61146.535054536434,60899.042468503016,60924.62742357138,6166.528336221003
2023-02-18 02:00:00,60963.92673679284,61292.10291114492,60481.1326637167,60976.38761079127,5815.754486652069
2023-02-18 03:00:00,61086.66398333922,61835.83610364083,60855.71698704978,61023.19632647843,4059.9840678762457
2023-02-18 04:00:00,61118.51365096024,61169.427433432815,59827.40905033862,61056.52778836784,5193.406367189717
2023-02-18 05:00:00,61119.97999357241,61166.51425039509,61109.27104953192,61113.4907847037,6127.7880271116455
2023-02-18 06:00:00,61111.86729909415,61289.36149328726,61049.10473305699,61160.39561007448,5073.8634344108805
2023-02-18 07:00:00,61114.92136172592,61664.182113374685,60904.102139634495,61196.95518503768,3166.2942323705656
2023-02-18 08:00:00,61174.60579886934,62028.58924807071,60978.76432362602,61216.226009379025,4839.440390498203
2023-02-18 09:00:00,61300.15072095312,62472.68792194569,60158.428117917545,61273.92776988552,3077.2282279376636
2023-02-18 10:00:00,61291.380615971706,61412.06889034596,61009.588610182,61302.2938520117,5117.588629887202
2023-02-18 11:00:00,61293.21567260146,61495.188650404234,61209.88730158561,61328.7220440048,5234.259264456766
2023-02-18 12:00:00,61428.9786350724,61792.350239788604,61167.895692896265,61376.60297369219,5962.502591953298
2023-02-18 13:00:00,61432.31614230671,61752.34639000334,61158.590281040895,61435.930593449746,3850.2925271025942
2023-02-18 14:00:00,61532.70617371387,61685.54676568385,61422.57608525151,61486.923846533784,5217.718201087167
2023-02-18 15:00:00,61574.75078314818,61653.72700010213,61251.41762683494,61531.463881438794,4638.276163906614
2023-02-18 16:00:00,61548.78190106082,61627.33737995531,61518.1650128375,61576.36057641927,6592.964096027381
2023-02-18 17:00:00,61568.49667797018,61749.31044304646,60393.52394764616,61623.4366517395,4673.3524368113885
2023-02-18 18:00:00,61650.8992110954,62559.54930113949,60313.94998735754,61669.867099512536,3999.370627516759
2023-02-18 19:00:00,61638.159321555,62647.642305866684,58630.22881898988,61712.586080966095,5544.582400793628
2023-02-18 20:00:00,61763.12824064836,65356.33506654531,60123.21579569857,61753.99971877146,4541.123154975003
2023-02-18 21:00:00,61847.34400369331,62866.34043353458,60341.07443269762,61794.18971454716,5725.081044447508
2023-02-18 22:00:00,61946.592762638356,67356.184030356,60125.975104782294,61828.95956829089,7824.220426395203
2023-02-18 23:00:00,61830.97223883862,62010.97535307632,61575.86746124093,61867.62667044724,5399.044140646526
2023-02-19 00:00:00,61880.32892068782,63995.910360019516,61787.08356002601,61895.10653842886,5141.595786739883
2023-02-19 01:00:00,62007.95989570951,62982.40252385094,61591.34094520064,61935.454435707274,4731.860860758236
2023-02-19 02:00:00,62034.47530064201,62281.1070629684,61759.65307159221,61968.791469603835,3064.570040286194
2023-02-19 03:00:00,62083.808268594206,62165.92471714255,61088.73273669357,62001.31970746123,4514.321255424953
2023-02-19 04:00:00,61974.41572638996,62762.08961286295,59807.1349751553,62044.2270283349,6112.634305203302
2023-02-19 05:00:00,62102.25760897338,62126.84547259195,62028.679068253885,62096.94243956941,5783.15988777701
2023-02-19 06:00:00,62181.07895721611,62269.40277093603,61920.18151852732,62145.979584970555,4662.122224526193
2023-02-19 07:00:00,62158.141356074135,62176.48618691037,62156.22904887923,62175.21739089603,5467.690103858886
2023-02-19 08:00:00,62282.066669954256,64331.06640901049,60106.993388974995,62209.21333755863,4681.841498382071
2023-02-19 09:00:00,62202.34374065767,62364.96710313577,61967.67318565697,62258.7635867743,3515.3952080803474
2023-02-19 10:00:00,62376.881188034014,62509.23223125887,61262.281356716245,62293.038806359895,4810.306506547592
2023-02-19 11:00:00,62195.19661011053,64895.33954079861,60611.28000535865,62333.48781404775,4715.374495746321
2023-02-19 12:00:00,62398.21243726743,65950.82943820421,61285.732878580835,62380.24515704035,5411.565719164282
2023-02-19 13:00:00,62484.931182801985,63431.604660710924,61268.224403337095,62414.96606406417,5008.857703668896
2023-02-19 14:00:00,62519.4636594886,62997.541669914535,60000.94054851581,62458.387334347324,6352.039365974326
2023-02-19 15:00:00,62487.82623899528,68155.62787540285,62248.229496965956,62490.4038512333,4619.5440958336485
2023-02-19 16:00:00,62630.75605089833,63245.84572313543,61948.68275443497,62528.39192048523,4440.836164940792
2023-02-19 17:00:00,62638.325994142295,62857.25131645397,62340.67148737327,62573.859294753376,6132.804697174807
2023-02-19 18:00:00,62644.494621849444,63954.08229598799,61582.879848550816,62604.1343747746,5079.9152637400375
2023-02-19 19:00:00,62588.896323600056,62941.54244937846,62554.50881257403,62650.786900222214,3284.2916813618704
2023-02-19 20:00:00,62662.26221691952,62778.72970673779,60461.70606369295,62693.86799343714,5238.1713061396285
2023-02-19 21:00:00,62755.47806845879,63126.94052380586,62399.006273537896,62741.63533099217,5580.567687035615
2023-02-19 22:00:00,62785.358149027685,65275.60600879014,61406.54710729067,62786.88302239034,4292.560455187812
2023-02-19 23:00:00,62861.909986819664,65181.39043135636,58250.54932083058,62841.36120649872,7077.777585198444
2023-02-20 00:00:00,62854.36388268645,62893.19631386846,62824.67638628759,62886.036451319145,6277.856655030514
2023-02-20 01:00:00,62932.783807118096,64008.317433523756,62701.774253847376,62926.38273356892,6030.919338366907
2023-02-20 02:00:00,62998.39244608911,63039.59220553774,62950.98758309144,62971.250391475725,4622.61348253779
2023-02-20 03:00:00,62973.40476135241,64274.31902419404,59378.229281642816,63019.59346231195,5977.847564654331
2023-02-20 04:00:00,63028.44055261547,68515.09634207294,60168.47735222544,63064.08807953277,1861.4853337659601
2023-02-20 05:00:00,63036.55684903851,63118.98111189855,62755.566114390866,63108.62322504889,5082.91185317204
2023-02-20 06:00:00,63242.1682986135,63981.74336182234,62735.789499749204,63147.32398810584,4673.386219338788
2023-02-20 07:00:00,63088.312579534795,66707.94741924759,62878.102246636874,63186.44335514656,7254.038108921119
2023-02-20 08:00:00,63208.165823901436,63588.64355917288,62966.162694633145,63219.75054246522,5953.1762543293535
2023-02-20 09:00:00,63238.564137420835,63984.11737759052,61947.21603516234,63278.38020238847,5083.872501760934
2023-02-20 10:00:00,63238.62093675518,63892.80978149791,62569.41606304903,63313.166904468104,4462.0214711780445
2023-02-20 11:00:00,63357.47323565773,63527.77584233492,63244.303202267234,63352.465362510025,4008.472958895368
2023-02-20 12:00:00,63401.21035211176,63601.8306466579,63258.76244708448,63391.663409576715,4118.566294773004
2023-02-20 13:00:00,63517.74600204713,63623.82121360956,63439.93687963268,63443.87121354108,4637.500997117932
2023-02-20 14:00:00,63529.4967437788,64273.443893895674,62530.336098433196,63486.66261135708,2927.644818304002
2023-02-20 15:00:00,63536.64282477422,63764.306501518615,63466.35796608455,63541.897596419636,6334.229194172691
2023-02-20 16:00:00,63654.2299443786,64123.27000262475,62892.29642798645,63581.86422456788,3541.2416074693065
2023-02-20 17:00:00,63503.26686771723,63709.48750836123,63371.499269357635,63629.55167163954,4479.031448768905
2023-02-20 18:00:00,63722.29578030533,63860.687006102016,63013.57790085901,63668.4247502132,5041.895921154276
2023-02-20 19:00:00,63804.75573352265,67711.89141868484,62267.47319287568,63731.24156475759,5166.485272577147
2023-02-20 20:00:00,63724.198679306224,65236.05567233629,57994.82226447459,63767.49555553161,3842.584209784566
2023-02-20 21:00:00,63813.38176361119,65885.81057174172,61015.26279453105,63815.82743089655,5414.784462079241
2023-02-20 22:00:00,63743.453933656,66028.81944097664,62181.867107558384,63866.848847097936,4111.140301964326
2023-02-20 23:00:00,63851.386146686025,63985.43006792644,63803.95349025353,63916.207677470884,5010.545711741026
2023-02-21 00:00:00,63885.38173138311,64571.60475104178,63864.99998410289,63960.87038035308,4666.513719030305
2023-02-21 01:00:00,64062.33494472298,65134.93201799136,63799.64184072206,64006.07270084134,5281.211682584066
2023-02-21 02:00:00,64090.23149192594,64188.574663192114,63411.84532200394,64052.75926136615,3469.7208640702124
2023-02-21 03:00:00,64039.78057645499,64192.83332635961,63785.952389378974,64098.01378295975,5346.312710224886
2023-02-21 04:00:00,64105.150959218576,65321.5700036006,63729.1926434365,64152.24909412938,6084.500530290926
2023-02-21 05:00:00,64256.858025754686,64310.710199774476,64208.01790109789,64216.5505544682,4441.20042793766
2023-02-21 06:00:00,64223.824320594904,64561.70663219148,63311.126666600634,64258.80013787673,5926.257491084392
2023-02-21 07:00:00,64306.35064394574,64820.558586909916,64078.256628901036,64294.642702294295,4238.058761864916
2023-02-21 08:00:00,64397.30817378224,64541.50560954128,64336.81086730675,64340.82811998703,3231.8689672932815
2023-02-21 09:00:00,64520.895421616166,67306.9843901033,61504.66176029987,64408.447356038254,4886.407838298035
2023-02-21 10:00:00,64530.54295926862,64714.41547916514,63899.81394148973,64449.08859587738,4529.244900875218
2023-02-21 11:00:00,64612.581704653196,66823.3784176451,63414.28128454068,64509.360415951865,4747.375131197363
2023-02-21 12:00:00,64589.21594930235,64596.87130351411,63984.05027402363,64570.028318150034,5053.897347033207
2023-02-21 13:00:00,64648.94826693599,65732.48721189672,63443.489938296116,64612.93246549648,5946.577003573387
2023-02-21 14:00:00,64638.38836334981,64720.24195409458,64567.19990217151,64664.90287542304,5107.699449106619
2023-02-21 15:00:00,64767.095146169515,67451.44126440633,61874.23108387418,64725.43340715949,5079.649582613925
2023-02-21 16:00:00,64850.09728964128,67535.7691269733,60786.61044978871,64769.98766606524,4601.554725010633
2023-02-21 17:00:00,64855.714220022106,65758.6159594722,64192.03701083694,64816.0293220573,5343.158554197416
2023-02-21 18:00:00,64900.73810694862,65536.72019361038,64068.619062782054,64859.128275105904,4493.365166212081
2023-02-21 19:00:00,64995.24955795603,65632.71766309811,64830.120053412946,64898.84379420778,3667.321558974796
2023-02-21 20:00:00,65004.35905456533,66173.11492304812,63977.08604133738,64941.56337829761,5921.0258397309935
2023-02-21 21:00:00,64951.65225490005,66342.43775921052,64797.929892539476,64979.7649390152,5735.132113054091
2023-02-21 22:00:00,64907.92024590539,65045.07858719056,64903.11491378437,65028.109003065176,6056.101251669989
2023-02-21 23:00:00,65129.57704095928,66142.17222543948,63412.39972188808,65070.097950349045,4035.1066998136157
2023-02-22 00:00:00,65119.51917636115,65168.38824220319,64748.483763757686,65120.193319481245,4294.88947983404
2023-02-22 01:00:00,65157.34941224228,65860.52423333448,59216.24710170846,65156.04658541152,5676.507476439975
2023-02-22 02:00:00,65138.202457721425,66210.83775967552,64590.901574272066,65207.06839704832,5114.941771759131
2023-02-22 03:00:00,65335.38859966536,65762.19495651952,64660.11956621939,65262.184715661286,5268.812356412154
2023-02-22 04:00:00,65406.95535872676,65535.09137529696,65236.279708671755,65294.75520227495,2784.177574979332
2023-02-22 05:00:00,65401.000444808255,65673.71711584702,65154.591004607944,65346.33926853605,5792.711017733664
2023-02-22 06:00:00,65474.007709909885,66501.9022066829,64654.26013539739,65404.82242285289,3876.1215948744057
2023-02-22 07:00:00,65604.85978000004,65991.55731613087,65016.21382704218,65443.87622228911,6135.620585491476
2023-02-22 08:00:00,65596.09287057974,65930.77368146907,64284.9800147077,65506.055780716604,3995.9203670449724
2023-02-22 09:00:00,65568.21626959703,66835.87726198381,64773.73463981616,65558.27388061376,3093.7633799106197
2023-02-22 10:00:00,65746.59031633053,65839.92115200273,65347.589998891126,65601.56560922768,5882.39708978998
2023-02-22 11:00:00,65779.71454841203,66288.67390858039,65397.53090131655,65650.11605346289,6032.657516622012
2023-02-22 12:00:00,65672.10750208929,67082.1660213969,65406.829717737244,65703.64292759192,5831.498866931662
2023-02-22 13:00:00,65659.72994659866,67759.68764729722,64986.7994108952,65753.37377112653,4734.935003111421
2023-02-22 14:00:00,65984.43660149649,66272.02070372419,64795.89506144945,65806.86803188336,5863.923549962446
2023-02-22 15:00:00,65836.38554135506,66700.22503079406,65000.42045195116,65848.74713066037,4507.081725050748
2023-02-22 16:00:00,65812.15804389781,70688.61798612989,61463.28866454634,65899.40563343563,5065.788648648962
2023-02-22 17:00:00,65926.90260348702,66471.25372950242,65802.97534856359,65937.45750814589,4875.078404676435
2023-02-22 18:00:00,66061.43435439664,66104.07270480924,65783.64211364249,65985.98610278832,6031.380525277331
2023-02-22 19:00:00,65964.16359031832,66721.74096744349,65887.89500498331,66028.22888750838,4828.743695175065
2023-02-22 20:00:00,66070.81243891339,66370.23020887503,65917.19484056815,66071.8731593583,3010.0537301788754
2023-02-22 21:00:00,66106.45036795185,66270.29046173648,65849.76924173048,66131.34369728473,6284.104695178898
2023-02-22 22:00:00,66152.85906537459,67045.19685241698,64615.58638265469,66189.70806050581,7193.449550288386
2023-02-22 23:00:00,66240.50402044188,67371.7340516508,65526.00124697745,66244.26593929008,4407.297177042894
2023-02-23 00:00:00,66302.29704082952,67452.08081082407,65906.61754550156,66285.26189784179,5877.547553451421
2023-02-23 01:00:00,66370.23319345809,66548.87879178037,65573.7300241041,66332.51356675176,5236.04306382437
2023-02-23 02:00:00,66331.24969046807,66519.99258259394,65080.20122521004,66392.04854361307,4815.710998167288
2023-02-23 03:00:00,66352.3988932558,66696.96947569157,66130.93116624934,66443.0585100179,5230.711749074962
2023-02-23 04:00:00,66531.90982922567,66544.45178662305,66343.24815183773,66511.53418475014,5123.429181703649
2023-02-23 05:00:00,66673.15436228638,67392.09917299132,65420.72190101782,66564.64533931752,3746.5982817049817
2023-02-23 06:00:00,66608.3831261543,67446.5289581649,66425.92190290637,66616.18867854551,4162.619210317533
2023-02-23 07:00:00,66725.44655722746,66926.87412910956,65855.96151224904,66663.76378369806,4962.312879257762
2023-02-23 08:00:00,66792.64226338295,66987.77024196509,66662.09860724886,66714.91998986377,6352.36254592615
2023-02-23 09:00:00,66900.83096619947,72287.79921942897,64783.63318290247,66763.82669926151,4959.082464804931
2023-02-23 10:00:00,66886.90340773303,67093.98101761633,66768.60876267227,66819.65536887902,4421.787901780246
2023-02-23 11:00:00,66873.17705140819,66914.1966824981,66656.08549692322,66877.50885878662,4489.936049903918
2023-02-23 12:00:00,66984.61043638368,67214.64518846934,66587.4198031389,66921.45562104633,5613.460165671837
2023-02-23 13:00:00,67016.68502091401,67056.11429367503,66883.6151545416,66961.07397392897,4466.995918173666
2023-02-23 14:00:00,66991.40625325672,67650.63676429144,66230.48433843876,66996.68481486397,4711.849737577484
2023-02-23 15:00:00,67061.64979016776,67100.98969127184,67046.21122031217,67051.08022274387,5510.600690410313
2023-02-23 16:00:00,67186.50509124005,67439.04462198267,65692.33686544898,67092.61448378536,5188.073356991773
2023-02-23 17:00:00,67170.44209068625,69695.4094087677,66226.94689713478,67125.78099043743,5332.372333223985
2023-02-23 18:00:00,67209.79944539025,69298.9086324887,65705.52588989533,67179.3064069019,3898.713510160172
2023-02-23 19:00:00,67317.4339725939,67340.46230325982,66398.45845684018,67249.69306373208,6589.523036103862
2023-02-23 20:00:00,67154.60672999626,67763.1092650757,66038.72497321457,67300.1117453785,5988.608793499175
2023-02-23 21:00:00,67397.9747225848,68117.57255484912,66736.62381271343,67357.310222556,4434.062869107594
2023-02-23 22:00:00,67512.12141648452,67579.28793318052,67347.82768044106,67408.47742310852,5478.140575555808
2023-02-23 23:00:00,67468.50872255022,68676.80951603861,65733.75160231783,67458.21959804733,3652.290769690597
2023-02-24 00:00:00,67513.9319460336,68347.13039133338,66938.32631187794,67516.12493970768,6983.704135478751
2023-02-24 01:00:00,67592.55440589914,68599.99570728595,66980.00271922656,67564.373621564,4276.5133775802
2023-02-24 02:00:00,67551.44009855468,67810.93638433992,66600.2799400079,67617.10049736603,4012.4770375730054
2023-02-24 03:00:00,67706.51202895826,68919.51964217928,65884.5173836422,67670.27738699176,6064.170702341044
2023-02-24 04:00:00,67684.96712675925,74146.08707836151,66792.01960774265,67715.55025162912,3627.590262438693
2023-02-24 05:00:00,67845.15827016345,68192.3975029763,67525.40924463786,67774.11717163844,5593.539432293191
2023-02-24 06:00:00,67863.01087335142,67863.99809140098,67821.36888076212,67823.35978050897,4567.6988141904585
2023-02-24 07:00:00,67805.02760568938,68273.23321571258,67605.5214685534,67867.96652579687,6128.847487549389
2023-02-24 08:00:00,67936.64080883529,68093.71550278792,67600.49903001661,67922.92044609743,3255.2396123946983
2023-02-24 09:00:00,67944.38747634953,68270.34980042798,66494.96629370727,67966.40239580676,4554.242540203151
2023-02-24 10:00:00,67919.17453925186,68593.27093431917,66259.65666858183,68017.30410959481,6266.3302679562885
2023-02-24 11:00:00,68111.37702503898,69752.0842440972,67746.96501219386,68067.91271425494,5646.129676024171
2023-02-24 12:00:00,68034.49313357424,68426.1839574746,68030.48987651576,68127.28545109724,5060.785372501303
2023-02-24 13:00:00,68187.31297248651,71283.84191561422,67038.93149589105,68181.77135122975,4688.324114234766
2023-02-24 14:00:00,68181.61020233769,69188.0069763931,68167.89887835518,68232.26092100125,5942.938619897233
2023-02-24 15:00:00,68265.4241537723,68821.31425136769,68242.1778741419,68289.49304042605,6163.000969705304
2023-02-24 16:00:00,68399.8056787791,68908.78834505418,68236.95340468248,68351.30362930856,2645.517077303398
2023-02-24 17:00:00,68490.62412636162,68503.79623109028,68395.31935482753,68406.45271928157,3277.7430660424807
2023-02-24 18:00:00,68485.37896958727,68890.18390848971,67259.06274981986,68457.21857032095,4855.133244853906
2023-02-24 19:00:00,68498.52367386507,69047.22229768352,67243.27704072988,68497.40208083174,5431.0096921300765
2023-02-24 20:00:00,68497.18385312575,68925.63746594894,68347.02543877145,68539.55329436902,4734.079925804448
2023-02-24 21:00:00,68715.62724254697,70351.4576785165,68053.35405517889,68587.77629893273,4790.624386688087
2023-02-24 22:00:00,68521.2442857182,72499.46682214619,68249.94033737958,68633.5564447032,4903.999338266141
2023-02-24 23:00:00,68652.74339981381,68967.86365575904,68362.03564455641,68682.70712588288,5345.414181643853
2023-02-25 00:00:00,68681.41143277704,70099.51462877207,68460.10014494006,68733.79575756722,5613.265544661144
2023-02-25 01:00:00,68690.88373757589,71531.55883264287,64763.55605612088,68788.6564907175,4231.233589961479
2023-02-25 02:00:00,68878.74731601686,69016.97351867564,68733.27817203721,68838.70223451279,4988.002655372276
2023-02-25 03:00:00,68790.04020002678,69872.22366769456,67855.21397827627,68893.18931482827,6584.494375157059
2023-02-25 04:00:00,68992.04995593536,69301.10397017031,67647.44839792067,68944.28430710408,6021.962776678141
2023-02-25 05:00:00,68955.62223943943,69259.0395488712,68767.12691263203,68979.0427046156,4315.559597913817
2023-02-25 06:00:00,69002.15675615218,71799.74708664122,66900.70505605444,69022.07189476704,3887.6725303294193
2023-02-25 07:00:00,69159.48788184223,70991.46598163185,68249.86175027903,69071.44362817534,4383.928784663676
2023-02-25 08:00:00,69059.02408263551,71667.85773491085,68645.83672501054,69112.26988928294,5252.194854234287
2023-02-25 09:00:00,69015.1812331079,69768.73214640563,68342.20705459159,69167.5513555977,3874.802172262277
2023-02-25 10:00:00,69269.1273503547,70117.58009301712,69022.62413821758,69230.2564561987,5780.201721186075
2023-02-25 11:00:00,69265.77866294047,71971.90080120359,69154.60353275404,69290.44155050867,5126.312514586999
2023-02-25 12:00:00,69242.11458132957,71886.0064163458,63920.94065410806,69339.14376894932,4675.1420735014535
2023-02-25 13:00:00,69333.29938627005,70220.85691866161,68873.96034109946,69401.45296621765,5798.56667311059
2023-02-25 14:00:00,69562.01360580216,69667.03113702814,67594.4873606883,69452.99819438759,4657.695156550851
2023-02-25 15:00:00,69515.0493798993,70073.89304897074,68969.58451835562,69500.62877798418,3395.294990202188
2023-02-25 16:00:00,69553.15045150192,72191.31928749151,68246.36734071848,69546.01910256957,5871.555966288142
2023-02-25 17:00:00,69515.84201622597,70222.35549311724,68588.13444223501,69593.86606655251,5147.076827445974
2023-02-25 18:00:00,69655.04474044914,70032.18169969096,69555.97916000409,69640.99545970644,4965.435760156197
2023-02-25 19:00:00,69856.03315792466,71623.53289212186,69561.50403040208,69692.5606038678,3819.539514767918
2023-02-25 20:00:00,69703.02174270694,72948.90600711777,68285.81001976773,69744.01294724878,6744.311114743111
2023-02-25 21:00:00,69808.4636426404,70187.45302668844,68483.59561335277,69794.16994478906,4125.80072998585
2023-02-25 22:00:00,69816.14251478993,70030.23548816488,69764.8353917128,69847.76190850134,6107.721095982449
2023-02-25 23:00:00,69952.38836506824,70068.42532695949,69492.77286298468,69907.34632779454,4199.409657651895
2023-02-26 00:00:00,69978.39734280096,70098.58861739241,69826.29138700086,69964.96377331713,4861.664717983622
2023-02-26 01:00:00,70224.1200216356,70703.2808416616,69784.75265042472,70003.06634899369,4766.791501793606
2023-02-26 02:00:00,70023.41617861483,70217.64440995251,68834.98027512914,70032.5764811988,3430.6104046253163
2023-02-26 03:00:00,70104.46968297061,70318.08822944343,68770.3125774921,70089.95128993657,3517.6032130042313
2023-02-26 04:00:00,70235.47659847554,70373.65279660927,69196.40925334638,70128.87427588378,7051.246943269463
2023-02-26 05:00:00,70169.9213925674,70442.1750331269,68266.57637083152,70176.89096402179,4689.603196244031
2023-02-26 06:00:00,70255.25944712946,71021.26106386146,69752.67737457815,70217.30070871205,4343.902763994359
2023-02-26 07:00:00,70217.6725778302,70777.06763355459,69926.38632922138,70252.61040556128,6461.717016257118
2023-02-26 08:00:00,70215.55634772833,71928.74135280697,69424.80350052966,70306.62160545278,4935.662352620833
2023-02-26 09:00:00,70433.78932299043,70553.86435342731,70328.72638329392,70362.3273813192,5779.8286407550495
2023-02-26 10:00:00,70517.73514743439,70933.9883880514,70060.30462103408,70407.29996073012,6433.832838659844
2023-02-26 11:00:00,70411.92432408073,72652.24875615153,68166.60759659923,70436.10751744159,4828.504399611761
2023-02-26 12:00:00,70548.5993334279,71774.29504037084,69275.08638233291,70481.22380678928,3796.08635103362
2023-02-26 13:00:00,70578.18515757212,70673.21859659156,70317.93872884309,70533.79396432459,4289.863393162618
2023-02-26 14:00:00,70541.43175220332,70760.07825536428,69718.12242702942,70571.34702188185,3841.3967363405145
2023-02-26 15:00:00,70585.8399789473,72924.18474685152,67364.3209642043,70622.1460335636,6187.713384138455
2023-02-26 16:00:00,70589.76871185585,71244.03548192822,69857.35372669122,70671.30264061152,5400.169605200497
2023-02-26 17:00:00,70663.85164425212,70809.7425631177,69275.8161997766,70725.1621971242,5767.307362602487
2023-02-26 18:00:00,70798.700722062,70816.02954391422,70635.29161977308,70775.28940242462,5312.865651490911
2023-02-26 19:00:00,70797.61499314547,70824.18871453444,70752.49644515912,70816.6199644043,5267.475388898061
2023-02-26 20:00:00,70970.41717821443,71113.55885874257,70524.90686477674,70875.25142869237,5883.606785994169
2023-02-26 21:00:00,70846.28804010998,71573.82260837394,69845.56433855699,70922.98510520473,3754.948776496005
2023-02-26 22:00:00,70928.69605294117,71236.16309911227,70415.9599004826,70971.71085943804,5706.5054635472525
2023-02-26 23:00:00,70974.35998955673,71049.78493869168,70935.7898726816,71013.13045511047,5592.113900284919
2023-02-27 00:00:00,71109.54436812058,71180.06964616268,70770.06793901211,71058.41077142744,5435.211528289602
2023-02-27 01:00:00,71075.65793759022,71228.16906142834,70549.03061616955,71100.09906017997,5669.0852102675235
2023-02-27 02:00:00,71093.75528726175,75575.96433659024,65769.95665800045,71147.4216545556,4849.531858505018
2023-02-27 03:00:00,71224.56196556082,71349.7972618556,69695.5607078166,71209.76026911041,3185.116170518594
2023-02-27 04:00:00,71257.01708538507,71436.57997494742,70548.56843486868,71247.36813734137,5471.391262764991
2023-02-27 05:00:00,71302.79563323,72839.51648186841,71202.19396161311,71282.98021644336,3633.885919066315
2023-02-27 06:00:00,71349.04605736885,74018.19597565763,70889.31916697264,71343.20702006709,5463.301510234231
2023-02-27 07:00:00,71370.22996067084,71972.1598744093,71100.82561374993,71389.92613584564,4351.530799980863
2023-02-27 08:00:00,71406.38294084382,74455.6516073959,70214.32177688292,71432.9029325659,6737.98498512352
2023-02-27 09:00:00,71513.70429435732,71592.45531235354,71447.60439642982,71489.48664723833,4736.576364880496
2023-02-27 10:00:00,71570.81517586976,71975.5095569275,71067.5771609392,71532.84073971167,3876.8049491246225
2023-02-27 11:00:00,71633.55203957533,72525.46954664122,68497.91350576446,71595.5818309603,5623.342300674829
2023-02-27 12:00:00,71664.41672732058,71827.55585316855,71622.29967828313,71649.07172149692,4576.166461793517
2023-02-27 13:00:00,71745.79828210046,73433.86590362407,71073.16677825568,71693.16787333055,5684.486133552996
2023-02-27 14:00:00,71699.4928238931,72039.91383399723,71343.44023747022,71758.35824748766,4847.145008185775
2023-02-27 15:00:00,71927.96078977577,72244.0691231891,70733.4922907023,71801.37642411588,5825.923583030653
2023-02-27 16:00:00,71883.33102272343,74514.69844101022,71555.40120874239,71855.10860933809,3881.4765157883676
2023-02-27 17:00:00,71808.0646072033,72182.69654703893,70879.56087928903,71905.22945366787,5126.824685134962
2023-02-27 18:00:00,71976.02092527706,71987.80554871736,71443.0716193888,71963.30054091662,5626.877063529022
2023-02-27 19:00:00,71952.1828287371,72180.79468036049,71918.71582897453,72023.38002914046,4846.7394466006945
2023-02-27 20:00:00,72203.89508303952,72500.39459754682,71362.49424045699,72071.15330789055,4011.997181997059
2023-02-27 21:00:00,72098.21776648467,72151.8094178773,72027.57639096078,72112.57267936041,5559.82844882806
2023-02-27 22:00:00,72076.25669775778,72485.50666041435,71888.84810422872,72163.6282786069,4717.759408076771
2023-02-27 23:00:00,72121.54053712089,72747.86484968013,70675.41162251301,72205.51114109252,4700.122525503388
2023-02-28 00:00:00,72258.76671730081,72439.73389378547,72106.72413345498,72268.85126044574,5667.0654727283545
2023-02-28 01:00:00,72290.83101739784,72979.84975448753,71098.19285689986,72317.10468994359,6492.952622753828
2023-02-28 02:00:00,72468.32827725126,72841.27041334205,71609.38897805085,72361.27109639907,5817.467126698372
2023-02-28 03:00:00,72431.99771233268,72499.77587881805,71582.20021950924,72409.765073295,4776.728411566691
2023-02-28 04:00:00,72545.11722652943,72589.06527927432,72078.02951497627,72445.93189363065,4774.6485149558
2023-02-28 05:00:00,72435.86076000851,73968.90057229548,68752.37917729332,72485.02986587495,4555.053609104747
2023-02-28 06:00:00,72606.12628215677,72965.35967648968,68329.35973059971,72541.43089038685,4980.681695728164
2023-02-28 07:00:00,72667.62011810552,72901.96703461303,72481.84248642648,72582.90007000914,5801.181763988183
2023-02-28 08:00:00,72699.12803793847,73253.51567221562,70461.72400416479,72621.1755456438,4844.57756747224
2023-02-28 09:00:00,72657.32201096747,74318.21052512493,72144.7440778185,72672.04578697369,6148.090866397433
2023-02-28 10:00:00,72633.6098448628,73981.15217100181,72559.63673875062,72728.03453864547,4786.073533648834
2023-02-28 11:00:00,72656.44322586384,73825.05420231732,72379.86730534033,72780.21524314182,5665.87782370639
2023-02-28 12:00:00,72951.66137569369,73236.22171254721,72592.44368352453,72834.53853980488,5047.298743128728
2023-02-28 13:00:00,72842.95390815417,73959.81653575723,72544.04563609572,72874.76482615777,4320.555015082251
2023-02-28 14:00:00,72892.13071056275,72918.17356290924,72871.44528138076,72909.5966316086,4970.648297884305
2023-02-28 15:00:00,72970.14880034089,73747.19048954768,72521.2104338246,72967.73916427529,4992.519203259253
2023-02-28 16:00:00,73032.80200888964,73160.41192657778,72433.55010594394,73011.21510771045,4698.473704230653
2023-02-28 17:00:00,73148.5763666726,73280.55408339288,72635.85033183842,73055.19130751121,5896.797332033235
2023-02-28 18:00:00,73029.20877004186,73155.51193450137,72822.23046439285,73111.72518649315,3255.4671113939457
2023-02-28 19:00:00,73148.5806328081,73278.11384078723,71651.46772841192,73162.00881146472,6151.665583047476
2023-02-28 20:00:00,73214.16448557987,73274.06128739443,73093.59604687554,73211.4151716935,5456.355973132696
2023-02-28 21:00:00,73208.72316727226,73582.90238194563,72406.2867089469,73274.41995270115,5724.829373485832
2023-02-28 22:00:00,73276.7121496868,75477.0364827551,71260.01988941473,73314.88212123563,7054.51488940476
2023-02-28 23:00:00,73343.20488424099,75981.7574517808,70930.66120343942,73367.84077354605,3316.2674323859515
2023-03-01 00:00:00,73531.63736217222,73553.97208526362,73366.09386892372,73413.75850831543,6375.596964304208
2023-03-01 01:00:00,73610.82744927934,74793.54843247663,73383.45291481419,73461.29467312086,4422.465735980787
2023-03-01 02:00:00,73493.28612974641,74704.53916102328,72179.75694586217,73518.83575891759,6216.4473872770795
2023-03-01 03:00:00,73475.23121853764,73849.47062429496,73450.69565806883,73568.13782679652,4500.128965494968
2023-03-01 04:00:00,73692.84425364171,74061.05345228517,72925.49421142568,73617.60976889431,4009.3767766227425
2023-03-01 05:00:00,73727.19691171647,73953.77545647256,72896.40717559606,73671.28175738154,5420.536705904069
2023-03-01 06:00:00,73753.1871405154,76647.17642371629,72831.92938612743,73713.38060276471,5014.287211883989
2023-03-01 07:00:00,73870.5718679367,74850.42740560006,73639.85651587976,73751.61212752895,6377.335029528342
2023-03-01 08:00:00,73683.18178636071,75993.10341384048,73637.54351210747,73788.12580468167,5605.513651124165
2023-03-01 09:00:00,73859.33989043735,73936.77954241121,73762.9480987904,73817.19428117477,5994.414528207584
2023-03-01 10:00:00,74027.12880251145,74467.34711506385,73384.38689296419,73878.37069192308,3476.827535826152
2023-03-01 11:00:00,73899.92795827879,74739.30631245629,73419.93954897148,73914.19946521007,5796.340019748833
2023-03-01 12:00:00,73943.90901646607,73957.60887446874,73942.97073136465,73957.01184085345,4570.962751907335
2023-03-01 13:00:00,73980.9595574783,75210.29621026636,72679.10879662368,73999.30799723558,5416.873062590041
2023-03-01 14:00:00,74063.39960342662,75034.31160519941,73484.81261568371,74046.20648119207,4704.943810194358
2023-03-01 15:00:00,74120.27972262882,74513.84160132635,73138.28250396841,74097.10050191189,6191.173044940096
2023-03-01 16:00:00,74140.7180556492,74687.0994550637,73283.13094156531,74148.28164603774,5938.969468704792
2023-03-01 17:00:00,74094.81073501588,74282.52233641777,74068.9707557493,74187.84397189146,5342.225579424346
2023-03-01 18:00:00,74233.97233571186,75263.57121276786,72352.88200161558,74230.66390390562,6104.9972018044145
2023-03-01 19:00:00,74370.42353996942,74669.60378885164,73701.241509585,74277.0117959718,4541.86301015828
2023-03-01 20:00:00,74290.16881373886,74349.58855888362,74242.93734366108,74319.04026757335,4828.820630203601
2023-03-01 21:00:00,74248.72303406062,74414.36907571011,74239.95048672298,74375.84819726246,6610.292980482871
2023-03-01 22:00:00,74289.07680668525,75288.03636878198,73804.45270382377,74423.65675752974,3991.5669794688542
2023-03-01 23:00:00,74587.84366443222,77809.90909892345,68805.65213090245,74473.34858179945,4541.776970743499
2023-03-02 00:00:00,74486.91961263014,75739.30740833363,73785.56574655994,74522.39693552701,3879.103026231841
2023-03-02 01:00:00,74653.95720924367,79339.97225636286,73946.72865215963,74575.46300620968,5886.57949275765
2023-03-02 02:00:00,74551.55353210784,77248.05711067225,73397.40315903396,74620.52292363127,4382.714293121113
2023-03-02 03:00:00,74743.76632978194,75226.72844722052,73037.86443926042,74653.69398110591,4586.551296528205
2023-03-02 04:00:00,74686.28357897219,75102.11758590184,74031.74843765721,74700.37168280696,3505.736470933761
2023-03-02 05:00:00,74701.83871194068,74908.10552347066,74223.82515336048,74738.57604148977,5019.545844798182
2023-03-02 06:00:00,74826.56353585848,74832.00009956746,74767.23567074866,74777.69788197389,6177.000636790337
2023-03-02 07:00:00,74865.81137174198,78148.15339025737,73179.02811156762,74825.67568601102,3787.342867376686
2023-03-02 08:00:00,74873.90769142713,74894.6180802898,73577.9029314208,74878.8055315883,4700.306504067111
2023-03-02 09:00:00,74950.86582764707,76084.68304022803,73400.83979117539,74922.13655866006,3324.4195503759056
2023-03-02 10:00:00,75093.44182264962,75619.63719712352,73377.67730898935,74967.70594800264,5219.071562537669
2023-03-02 11:00:00,74961.65024204667,75806.06742158071,72986.91402949227,75024.3608737478,4748.448099815863
2023-03-02 12:00:00,75181.39490019722,76948.01216723784,72853.39460809556,75069.26320914038,4066.880911313858
2023-03-02 13:00:00,75114.44101018537,77082.08330355503,73305.75321187117,75132.99272308784,4566.009537784043
2023-03-02 14:00:00,75276.48645328122,77527.50949628967,72856.98460767035,75180.37323598342,4348.557450136319
2023-03-02 15:00:00,75177.15097669174,76325.59379835946,73877.85271092573,75209.08461608794,4692.951659074899
2023-03-02 16:00:00,75265.86505743593,76717.38928206978,74049.4833469418,75257.85054938284,5197.675566954245
2023-03-02 17:00:00,75335.83792692162,76823.89264740607,75227.16705349198,75303.58141840363,5891.7005810695755
2023-03-02 18:00:00,75381.88159350007,76969.81450801642,74943.98490485492,75356.52413904101,6953.059695539896
2023-03-02 19:00:00,75347.18560834184,76469.73732231019,75152.14504774123,75404.47809155723,3936.9637271462816
2023-03-02 20:00:00,75509.77405397128,75849.41989769872,74321.82979058313,75445.88346613095,5995.167665158606
2023-03-02 21:00:00,75541.20672652248,76068.78694029512,75166.97449283097,75478.54735206997,6032.389398126397
2023-03-02 22:00:00,75447.30649762138,78651.50005344841,75196.82452788719,75519.27942667916,4870.326947971399
2023-03-02 23:00:00,75533.30904825995,77870.3221028844,74456.31040970507,75554.82626261732,3901.81361622185
2023-03-03 00:00:00,75561.78168469854,75658.14639271777,74465.88006556897,75592.48057397272,3554.4818522546766
2023-03-03 01:00:00,75579.11820083395,76227.74084357708,75455.78306719325,75639.4359702303,5606.762150206408
2023-03-03 02:00:00,75671.54746892577,76921.8917492348,73809.8985872486,75694.99102604613,5509.513563929686
2023-03-03 03:00:00,75845.68349490047,75905.91186214173,75730.99391515258,75740.29405931206,5021.222650834258
2023-03-03 04:00:00,75778.7021611733,77756.98438809646,75142.59849258064,75772.82329716532,5031.063426398931
2023-03-03 05:00:00,75843.51368956454,76027.43055789435,75668.98230606344,75818.42787163622,4668.1351381780205
2023-03-03 06:00:00,75906.41397466326,76402.78343134488,75787.09296560883,75870.00094604828,2838.696113697638
2023-03-03 07:00:00,75957.20051259299,76504.81875942743,75617.6824697095,75907.07580229478,5309.046835024034
2023-03-03 08:00:00,76055.28356873062,76118.3819697712,75646.57261168072,75947.91071770679,6110.911144734433
2023-03-03 09:00:00,75965.33956392706,79036.21354457061,73740.989432681,75989.89005409223,5369.263777649905
2023-03-03 10:00:00,76021.63388276617,77376.11695080904,75263.676924783,76025.42832961115,4190.65331520512
2023-03-03 11:00:00,75915.30929382864,77979.1180694539,75291.43360113622,76072.38852748951,5157.145783702535
2023-03-03 12:00:00,76031.90649666678,76117.4418948024,76028.48138602247,76113.1522581317,4276.8315611706075
2023-03-03 13:00:00,76097.5976481761,77133.44092639323,75524.03504759692,76158.19807160358,5808.359549665708
2023-03-03 14:00:00,76308.12401895448,76347.87577815335,76187.0465161818,76192.74681025808,5169.97453974927
2023-03-03 15:00:00,76279.40788127815,76787.79735537422,75660.54646649692,76230.85583332859,5639.902957152084
2023-03-03 16:00:00,76248.20036771092,78010.0476820721,76021.98963860844,76278.20448524466,5623.525798825859
2023-03-03 17:00:00,76225.32897535908,77492.24328513324,75152.26085830887,76316.75323756,6355.805339431501
2023-03-03 18:00:00,76302.76869252257,76401.8812697389,76281.17269383314,76372.0630937616,3775.6127266420453
2023-03-03 19:00:00,76542.822502371,77067.01526092621,76263.30223100403,76410.32379515916,4750.1062641879535
2023-03-03 20:00:00,76474.96866411116,76605.48523763055,76402.24046091056,76453.54363298592,5868.798338305549
2023-03-03 21:00:00,76427.57755786605,76524.04182967533,76357.61775330002,76502.39221822894,7026.817116042393
2023-03-03 22:00:00,76468.87229767906,76904.59644725315,75627.83004989348,76532.3995844956,6542.547211374117
2023-03-03 23:00:00,76568.39902520986,76804.35000925431,74762.00033011202,76559.63477995565,4895.990772275305
2023-03-04 00:00:00,76569.48672117323,79206.92670539048,76355.16473129283,76588.71951457577,6434.1770365203265
2023-03-04 01:00:00,76578.75030789607,78113.66595644386,75561.24785580472,76640.07944190834,5740.125664105244
2023-03-04 02:00:00,76708.7765169439,76875.31783892665,76615.70269404614,76676.89405539588,5777.797630877715
2023-03-04 03:00:00,76798.52060882171,76857.3830058562,75563.55472657715,76738.56031161995,4798.580099923027
2023-03-04 04:00:00,76772.10158696501,76831.54207063756,76620.52297920018,76775.21913930056,5536.807469224904
2023-03-04 05:00:00,76927.97011113653,80498.10953437863,75503.15453277006,76817.84147184565,4905.730929235099
2023-03-04 06:00:00,76992.46078662705,78170.55584765779,76549.43714893189,76871.29835798338,2873.166512200735
2023-03-04 07:00:00,76949.3423610564,77026.73868424715,76922.5729733224,76928.4421661387,6044.02512944238
2023-03-04 08:00:00,76952.49727561476,78252.58449058126,76705.28514399395,76986.0052956143,3507.897982854636
2023-03-04 09:00:00,77024.23560948223,79421.78064994175,76065.93404272967,77036.72034231493,5268.850786400992
2023-03-04 10:00:00,77082.46669007807,77225.5828727893,76955.79873751327,77085.93895820949,4073.8367365167915
2023-03-04 11:00:00,77227.54560511913,78584.23432315409,77008.74926630239,77131.68427357633,6665.142382543781
2023-03-04 12:00:00,77280.98100803059,77353.54875220353,76755.34938540043,77178.89623346739,6848.04019177085
2023-03-04 13:00:00,77206.10808617141,78327.99843385843,76588.45647370294,77215.45277987671,5829.149035059542
2023-03-04 14:00:00,77171.07566750655,80867.44578153476,76248.79581710063,77249.85517283953,5207.542294888742
2023-03-04 15:00:00,77433.58214839493,79912.12405499289,76872.95621724914,77290.75910557098,4595.304143136674
2023-03-04 16:00:00,77483.61755443038,79002.37827101532,73871.9501284491,77330.3124950067,4077.648670938082
2023-03-04 17:00:00,77275.60096490984,77927.6857983473,77052.95680129513,77367.58646966818,4848.048876528014
2023-03-04 18:00:00,77509.4428362652,79421.0362738732,76666.06143342066,77414.04329626588,5820.14359412306
2023-03-04 19:00:00,77400.72730390335,78200.63613961935,76466.29790991587,77462.55838869946,4698.420192208895
2023-03-04 20:00:00,77459.65280327496,77903.08556717762,77169.85244475727,77504.12621430693,6408.619493445919
2023-03-04 21:00:00,77608.85750222093,77754.36917487442,77434.39451550058,77556.79594120705,2946.513451344111
2023-03-04 22:00:00,77594.11057055049,77905.26752270019,77461.68948834525,77588.50182599759,4569.572301199284
2023-03-04 23:00:00,77513.48727331712,79916.43577637429,75721.725757652,77627.7828546893,4664.221382259578
2023-03-05 00:00:00,77600.47346963936,77944.22258182723,76915.5226406021,77662.87048161481,5470.013661246661
2023-03-05 01:00:00,77612.11795619728,77771.77215503907,77265.73840869337,77688.75328876585,4619.305376204908
2023-03-05 02:00:00,77685.28798878877,78014.9613981874,76080.67191053106,77728.9008302077,5405.035385855713
2023-03-05 03:00:00,77643.50259582014,78759.28877094269,76220.4864836592,77768.73071468525,4661.330946116243
2023-03-05 04:00:00,77711.97056210005,81319.66934258398,77097.30100372325,77821.6380438596,6149.487364010369
2023-03-05 05:00:00,77899.22689525786,79323.72184604903,72818.83046064782,77867.4811223709,5798.501337907221
2023-03-05 06:00:00,77875.79392981915,79610.47835300746,76323.67586599555,77900.08205155829,5103.117925717205
2023-03-05 07:00:00,77879.87054997633,77982.14729730172,77478.84294203517,77955.70803714091,4675.823138959358
2023-03-05 08:00:00,78105.23699068892,78757.39392956658,76704.77341946338,78006.26935289682,5857.158388423289
2023-03-05 09:00:00,77833.02594166805,79085.27321937225,74437.58185203584,78051.71995883915,5499.110506798941
2023-03-05 10:00:00,78140.34799413588,78240.09692114659,77716.43308846485,78090.70366234932,4549.631808743332
2023-03-05 11:00:00,78203.1527813166,78948.07408098802,77470.93452696026,78123.8264472553,4352.1277103534785
2023-03-05 12:00:00,78121.7966281968,78264.86749694757,77616.46444936379,78161.65078127616,3772.985922711464
2023-03-05 13:00:00,78225.63355089667,80779.77704136616,77293.14385008298,78211.16741101329,7040.133885996919
2023-03-05 14:00:00,78259.44009655659,79202.54157855589,76088.01201536573,78267.05635387241,4931.797469667331
2023-03-05 15:00:00,78314.25006426535,81618.58414117883,76967.729298716,78320.22112095993,4759.275696010949
2023-03-05 16:00:00,78386.4470953843,79091.53673587885,78187.31063355808,78357.13666122484,4783.172949777857
2023-03-05 17:00:00,78428.35798449801,78441.58423103011,78244.4487002909,78389.01451979096,5214.982817454548
2023-03-05 18:00:00,78484.08312531808,78823.95008825517,75755.17666384188,78430.98581087282,5420.268529056561
2023-03-05 19:00:00,78505.31215239299,82276.98634003318,75785.7993457405,78457.69283565533,5135.1762413426695
2023-03-05 20:00:00,78523.23015296586,78551.37049124719,78482.62520104372,78501.1439858294,4408.123933656908
2023-03-05 21:00:00,78531.91986092624,79306.63946589603,76680.54367284746,78540.8411669166,5268.775789148642
2023-03-05 22:00:00,78608.52561959768,78910.58908765842,78107.17657846761,78578.00398875479,5625.59130250656
2023-03-05 23:00:00,78525.47379454898,82315.97049984473,77862.81412285184,78606.15150288609,4992.937095449171
2023-03-06 00:00:00,78542.28639725957,79268.85984319329,78057.25825631135,78651.18037373605,4220.1933242624
2023-03-06 01:00:00,78539.68674062265,81066.26865534781,78511.37826045812,78687.85466841739,5293.284429004852
2023-03-06 02:00:00,78695.69054916395,80650.52709770043,78521.77186394852,78719.44795995925,4769.213847897277
2023-03-06 03:00:00,78747.19620543,79519.00563774543,77226.88488663312,78737.4400998862,3510.715735559782
2023-03-06 04:00:00,78813.39921949086,79040.93182536203,78775.6705709715,78778.20870920739,5542.423969532102
2023-03-06 05:00:00,78956.20978776687,80222.27457266828,77117.98326702962,78833.39481373846,3924.8969518832446
2023-03-06 06:00:00,78941.19670784964,81063.29108969388,78340.93209278016,78887.71320722245,5454.704396416774
2023-03-06 07:00:00,78945.53856668953,79056.85427147309,78862.97742649193,78925.1058421107,4386.788107524004
2023-03-06 08:00:00,78980.13110548898,79032.97397187771,78949.06617108989,78961.35948506078,4249.373178023245
2023-03-06 09:00:00,79006.37631153902,79657.23885480894,78787.27526862231,79006.20379431635,5387.679879032847
2023-03-06 10:00:00,79130.74987880114,81694.54948813011,76524.93366868411,79039.33443483959,6357.619633050139
2023-03-06 11:00:00,79115.98826878045,79228.77620415181,78873.27026959816,79082.89092754704,5406.0940188486675
2023-03-06 12:00:00,79037.98432467644,81011.76036225147,78795.82473086614,79130.18697679944,5572.471411779736
2023-03-06 13:00:00,79171.85402223098,80373.92598794094,78468.71346766525,79181.19590639634,6152.348638961926
2023-03-06 14:00:00,79232.9767689961,80058.92698758555,78963.1659479199,79221.6149926751,4542.315438320922
2023-03-06 15:00:00,79322.5467038448,80145.05909795976,79051.0631349354,79261.2335658165,4448.883759959372
2023-03-06 16:00:00,79227.49477812661,79741.69171263531,78495.30542908092,79295.48609237379,5148.547903592639
2023-03-06 17:00:00,79404.19696991546,79434.61643222834,78993.50741325296,79330.17663127487,3226.2248677974812
2023-03-06 18:00:00,79392.22450780572,88263.37775372177,78046.8921916107,79369.70033707695,4697.9029589753945
2023-03-06 19:00:00,79445.77083263375,79863.94071519974,77303.75260086739,79414.00550417663,5368.497586839038
2023-03-06 20:00:00,79547.85425438514,80355.04776766308,79227.59314822244,79462.71187126232,3452.4302058636886
2023-03-06 21:00:00,79513.05854333648,80056.6682074212,78990.25565286422,79497.71630754451,4399.112824146187
2023-03-06 22:00:00,79577.79544577454,79813.79784145726,78299.62865333754,79551.12058227755,4409.1816519085705
2023-03-06 23:00:00,79586.34832816698,80334.36112491874,79358.06033085757,79590.44796797233,3816.914484750235
2023-03-07 00:00:00,79671.88101634436,83100.87080027173,78121.41452282078,79631.80771186488,5822.572921200481
2023-03-07 01:00:00,79679.93108835978,81720.58167286047,75337.15995348681,79667.3956970914,4795.067525758393
2023-03-07 02:00:00,79633.66442933577,80035.38510626806,78627.69300425604,79689.60312784961,4866.721284770844
2023-03-07 03:00:00,79747.42797191856,79748.01898604163,79381.33252791558,79738.31318476735,6108.444601722893
2023-03-07 04:00:00,79817.38859435386,80197.2937130122,79569.56756490734,79785.88262614128,4823.865802289221
2023-03-07 05:00:00,79690.5964152966,81296.72058158921,78410.8173198249,79825.34433655743,4346.862610070059
2023-03-07 06:00:00,79802.56385359332,80608.65109577445,79226.6969095327,79867.63086661845,7165.521452206556
2023-03-07 07:00:00,79995.44121441356,81965.16466018675,78229.96586425602,79913.54787932623,3777.6353850127607
2023-03-07 08:00:00,80049.56077459174,81017.94135040944,77728.31656614639,79942.87651556505,4569.003799780187
2023-03-07 09:00:00,80001.98103040073,80097.76297643987,79664.41667207931,79980.51319902121,5685.656392513711
2023-03-07 10:00:00,80016.2705046983,80731.40023323047,79359.63744366118,80028.77710881585,4430.648576418863
2023-03-07 11:00:00,79992.02313364959,80425.24084305938,79465.52016785322,80060.69384690409,7054.092441435975
2023-03-07 12:00:00,80142.89601124718,80657.7305435218,79064.12756708443,80105.03518640238,5115.596738679908
2023-03-07 13:00:00,80161.98834849492,80167.54665359326,80118.10326654723,80136.21777973302,4688.532805100798
2023-03-07 14:00:00,80083.57759215115,80212.09470475615,79952.85643441082,80182.02737584758,5318.808339628256
2023-03-07 15:00:00,80375.97816851539,80421.65776406281,80186.6223732554,80223.86383299058,6712.711411276273
2023-03-07 16:00:00,80233.64026918223,80341.57380629594,80200.61364416825,80253.10831186821,5544.459869527463
2023-03-07 17:00:00,80293.3714236056,80894.4258725479,79843.39958304404,80304.63620347145,3880.749757779356
2023-03-07 18:00:00,80414.59258876005,81145.17636077946,79905.65468710389,80341.01437715578,4863.577849722384
2023-03-07 19:00:00,80341.19121462891,80714.98401204156,78323.23558752732,80376.83266677792,5946.618308330437
2023-03-07 20:00:00,80450.53310021099,82130.22562560214,80358.40926429765,80420.78339261618,5970.48845961338
2023-03-07 21:00:00,80523.58991607773,85227.13050050383,78322.06881866607,80472.3649740888,6414.0291355619875
2023-03-07 22:00:00,80584.60261214292,80836.96717437774,80226.88808403698,80506.67762677904,5654.388134060763
2023-03-07 23:00:00,80655.6614052023,80907.29812412817,80462.29319640463,80549.65745833136,5095.462041358296
2023-03-08 00:00:00,80613.91167742497,83466.72204368339,78858.0514727267,80595.62195627265,5046.637366565966
2023-03-08 01:00:00,80576.4617186469,80840.82681794453,79998.23055761335,80643.7487345876,5547.7389787375605
2023-03-08 02:00:00,80619.52547703212,81435.71305661883,79797.0853091914,80687.79054893319,5059.909774079503
2023-03-08 03:00:00,80752.7253301718,80924.21474893064,80475.18304801235,80727.53332403366,3088.840674739512
2023-03-08 04:00:00,80909.13866291958,82762.62738042603,79085.21636394422,80763.64066993275,4807.01863223931
2023-03-08 05:00:00,80617.77308678634,82575.63010380334,80047.29106480682,80807.10729887898,6300.625401055959
2023-03-08 06:00:00,80859.74113689052,82108.27470564608,79493.2958409841,80841.3574016248,5254.1276870714355
2023-03-08 07:00:00,80892.55172002752,82058.83629389173,80127.37738015063,80860.86386263077,5425.910967101411
2023-03-08 08:00:00,80843.82667587453,82100.09925102296,80437.54372693611,80907.28395533073,6589.147301636457
2023-03-08 09:00:00,80918.09724198567,80965.774542227,80866.66774144041,80957.49368332961,4271.60968675829
2023-03-08 10:00:00,81038.41906936262,82287.78152302983,80089.19570949543,80981.61937994519,6515.318094323802
2023-03-08 11:00:00,81152.26561678652,81943.14169631882,80127.63305072227,81016.62185524845,3240.0411178507497
2023-03-08 12:00:00,81023.87271573425,81444.83605033488,80847.59679923585,81064.70681928766,3807.0266289808633
2023-03-08 13:00:00,81094.21553724387,82255.99399465499,80469.16293596293,81124.35015231087,4229.18636938591
2023-03-08 14:00:00,81183.29135115253,82724.34503378543,77680.00372008032,81167.75172697175,6194.214483013991
2023-03-08 15:00:00,81042.93895402012,82695.63770980324,79995.32410199314,81205.21498669467,5644.388453538182
2023-03-08 16:00:00,81222.27040249857,81905.7126073358,81100.53290833322,81247.09134527923,6197.178531461913
2023-03-08 17:00:00,81382.8504982867,82362.86201457858,80238.78036568064,81301.48230829359,5818.594618343213
2023-03-08 18:00:00,81409.01260800847,83382.44774295266,80640.92507919375,81339.7591288323,5822.988592003321
2023-03-08 19:00:00,81289.48910040453,81407.85014115431,81241.16034312469,81376.86285589891,6794.524848392212
2023-03-08 20:00:00,81465.734561847,84889.36499540572,81253.56753154825,81416.55103290528,5765.437494375015
2023-03-08 21:00:00,81472.52399842058,82086.83124319049,77349.02335571709,81452.527510288,4916.866474278506
2023-03-08 22:00:00,81574.23150876426,82251.15655987337,80770.66963081202,81497.16506522658,3023.1784310524095
2023-03-08 23:00:00,81529.05136005815,81806.63528317721,81029.42225263607,81553.87186267415,6985.67641101484
2023-03-09 00:00:00,81582.53375985831,81652.4782903692,81557.45776612671,81600.21912134404,4171.706239651601
2023-03-09 01:00:00,81678.82146408592,81719.9755106122,81552.21674375913,81642.01623600374,5433.747609348536
2023-03-09 02:00:00,81735.57287248352,83677.95703811561,78511.42952724395,81683.55105638393,3895.5481721450037
2023-03-09 03:00:00,81696.78054105952,82906.70498815743,81358.07316741231,81714.96824416965,3560.391869201173
2023-03-09 04:00:00,81785.51036783958,81987.9999496952,81358.62224346971,81766.00926247392,3635.323674099458
2023-03-09 05:00:00,81786.80931005454,81846.6566339358,81768.29261254807,81809.41613920077,4647.45375726338
2023-03-09 06:00:00,81760.6715059698,82565.06910318277,81429.22940480695,81852.05530311154,5917.768197795137
2023-03-09 07:00:00,81867.92747461135,82470.12859609583,81685.39498055569,81921.73657685207,3960.2067754717655
2023-03-09 08:00:00,81861.13112995242,82797.68059618634,77112.56486827818,81968.31639076553,5599.089759263809
2023-03-09 09:00:00,81927.12318643641,82404.6714180074,81705.250277346,82006.54518439133,6506.147240774946
2023-03-09 10:00:00,81953.97364734627,83817.63296708197,81247.69518215572,82047.43071747536,4886.34315750096
2023-03-09 11:00:00,82156.2328034939,82957.32340996662,81050.33714364258,82100.96787585173,4416.834282744044
2023-03-09 12:00:00,82162.76666806963,87018.45873433135,80590.8215705837,82146.27674434724,4141.783968228373
2023-03-09 13:00:00,82225.48580110705,82321.95315450113,82110.21408783938,82179.22623860335,6313.473161325237
2023-03-09 14:00:00,82384.383844716,83153.30967838582,82128.91972929993,82231.0886881703,4718.796404597233
2023-03-09 15:00:00,82306.88164657002,82394.98256222194,82117.36593070863,82270.304927567,3877.0853225524293
2023-03-09 16:00:00,82290.05895189109,85211.86178332347,75663.81493450477,82329.90533675486,4720.387280095323
2023-03-09 17:00:00,82422.16425531807,82992.74130403138,82348.39216954361,82383.21223106617,3850.2585446321073
2023-03-09 18:00:00,82338.93372048295,82881.7617185722,82192.63059060914,82424.35248349207,3947.6705303968047
2023-03-09 19:00:00,82380.94269850536,83917.37583064676,81582.42089982497,82479.37158195594,3703.9513071760716
2023-03-09 20:00:00,82586.8694817764,82768.22379475732,82281.38612747651,82524.73734302822,5226.238088667422
2023-03-09 21:00:00,82479.87631059339,82853.65210409778,79281.17192980302,82576.43419563475,4606.79899631781
2023-03-09 22:00:00,82554.62468721264,82651.06898598645,82475.02691640239,82625.23825185356,5077.078611381494
2023-03-09 23:00:00,82572.75120276502,83750.22286266326,81695.63388683036,82663.44489458522,6212.090719322736
2023-03-10 00:00:00,82689.36599466638,83402.61153846265,82437.30352379548,82703.325053669,2523.207933122913
2023-03-10 01:00:00,82882.37928465936,82979.13510554458,81901.47511108484,82756.64410697337,4486.872753635716
2023-03-10 02:00:00,82874.43989084335,84750.32208925825,81754.470480071,82799.09581523435,4338.862887809028
2023-03-10 03:00:00,82834.5916047359,83023.67613868513,82333.16196530599,82841.04680572948,6118.338136793128
2023-03-10 04:00:00,82897.20037931131,84630.60765763435,81422.6229926122,82878.635981822,4370.7662366125805
2023-03-10 05:00:00,82821.39942856593,88162.55416809341,81692.39131374813,82927.30460907791,7116.803054963853
2023-03-10 06:00:00,82967.07314314299,84484.31176198927,82942.28222746466,82989.13400900307,4665.396145469705
2023-03-10 07:00:00,83048.59805944527,84016.43194864651,81812.96702868151,83025.97198842213,5307.0030600053615
2023-03-10 08:00:00,83089.37923421981,83326.45790116068,83044.85181439634,83071.59269390804,4999.391517677711
2023-03-10 09:00:00,83254.39802935874,86253.6341195091,83108.42895675237,83128.36576896993,4311.305566554765
2023-03-10 10:00:00,83206.73053394351,83553.02441803446,83115.25004556483,83173.25195181649,3086.659665277197
2023-03-10 11:00:00,83297.0507668118,87698.9127608566,81315.11445787393,83222.4418751175,5521.229990644541
2023-03-10 12:00:00,83243.02814822686,87777.51197554392,82299.8088654816,83259.56093154111,6274.653124038341
2023-03-10 13:00:00,83253.44452427555,83442.32928648291,82432.47888126157,83308.65245876083,4180.733535810628
2023-03-10 14:00:00,83253.0490891336,84776.43712090532,81494.68123311659,83352.86684041157,3509.7524767009536
2023-03-10 15:00:00,83503.38718656577,83548.54113474938,83038.74928462847,83406.5102706232,5839.944539742028
2023-03-10 16:00:00,83407.87602692778,84808.38507762321,81956.89236740729,83461.81258266869,6621.873747785052
2023-03-10 17:00:00,83417.08014932685,84076.71283586878,82723.15500710512,83528.3775176574,5006.131450435227
2023-03-10 18:00:00,83662.01685827471,84154.65510573196,82861.98558466494,83578.90777002864,5049.094731305671
2023-03-10 19:00:00,83684.81090881045,84277.6678086173,82642.39784053675,83627.45163783584,4967.125514847566
2023-03-10 20:00:00,83749.87132159063,83789.74328916949,83664.43748317311,83674.98805937516,5763.668149718995
2023-03-10 21:00:00,83682.47330782983,83801.87083729528,83583.01872417472,83718.18745614914,5505.261343174202
2023-03-10 22:00:00,83734.25956302865,84977.52700909652,83156.42806027355,83766.96295488488,4239.399335574861
2023-03-10 23:00:00,83820.62878726724,84195.35085767068,83679.27147237612,83810.70978426166,6189.642645485235
2023-03-11 00:00:00,83853.0027812312,84462.3277701512,83717.77629260645,83858.20942828919,5121.4785793290575
2023-03-11 01:00:00,83907.08837859514,83919.80641922973,83597.88637908708,83914.943574509,4248.832780376121
2023-03-11 02:00:00,83836.26414768172,85428.11425330178,83544.07721580855,83953.12549524549,5103.117582445637
2023-03-11 03:00:00,83810.61999577339,84726.25411876845,83315.37579083059,84008.51915755327,5445.759851217129
2023-03-11 04:00:00,83983.20807681933,90119.13193579187,80887.69104877798,84065.37055352131,5238.737925291357
2023-03-11 05:00:00,84112.01571523095,84939.51993830099,83779.29866593696,84110.77978339652,5713.877444090138
2023-03-11 06:00:00,84096.24139978693,84234.64099393124,83961.12540085599,84140.19747819814,4346.257970193033
2023-03-11 07:00:00,84284.69567540535,86856.52543399538,82435.6940896047,84181.7656378186,7060.4226984447
2023-03-11 08:00:00,84289.07598844975,84729.35623047336,84121.64873735694,84238.60996942586,5182.2802235378695
2023-03-11 09:00:00,84296.61731485988,85400.10692111138,83141.45362289005,84284.9324708421,6065.42472359758
2023-03-11 10:00:00,84278.56873831473,86800.30213767437,84082.1376108795,84323.4799935055,5200.033787312328
2023-03-11 11:00:00,84296.69770562077,84549.58788918336,84237.03187375647,84366.01964635585,3872.71447629307
2023-03-11 12:00:00,84250.3750458107,84915.00323438266,83513.60585605948,84419.35778094262,5617.428630927325
2023-03-11 13:00:00,84545.37268544536,86136.38754761087,83581.65892388427,84470.37955004099,4784.6117111399235
2023-03-11 14:00:00,84386.26578663026,84547.06001082636,84181.02861906994,84515.15011777388,5694.326381149299
2023-03-11 15:00:00,84601.19544601256,93264.61405424925,82987.22433141363,84558.93106275258,5122.4909253744545
2023-03-11 16:00:00,84540.71678887263,84638.80279960195,84357.05875074433,84602.54543953975,4055.091277314933
2023-03-11 17:00:00,84555.97916886616,85230.33670559835,83058.83837809063,84641.9468821044,6764.8258837917365
2023-03-11 18:00:00,84682.73733378419,85135.32761475061,83941.20211830929,84701.6822686832,5143.405961071305
2023-03-11 19:00:00,84827.35519099292,85599.21004375907,84578.40046739264,84745.94711279533,4853.3682259563975
2023-03-11 20:00:00,84883.11120341912,88555.84866909182,84404.18450813931,84802.55818044394,4664.856861221808
2023-03-11 21:00:00,84757.29529408077,84956.24842353222,84341.19238232313,84861.63226001967,5579.076300875503
2023-03-11 22:00:00,85019.87136856814,89629.89416779164,83396.48113447892,84916.55140557107,5717.263543783215
2023-03-11 23:00:00,84920.10660619015,87148.37506583284,84523.30135858891,84960.0595598525,3130.268338045009
2023-03-12 00:00:00,85003.59750173482,85139.25692456875,85002.054494239,85010.27832288941,4578.417688559707
2023-03-12 01:00:00,85067.37489610618,86400.75690789771,83003.75896528,85057.10082912116,5193.661764516799
2023-03-12 02:00:00,85112.05322871327,85117.38495879147,85094.28615564674,85096.91377366969,5003.582601832783
2023-03-12 03:00:00,85254.91995317511,85326.98976422453,84863.17728251117,85146.5770318601,5009.3953545758495
2023-03-12 04:00:00,85218.1013540413,85242.25262599379,85160.3342391833,85184.23825491243,4045.5613737090366
2023-03-12 05:00:00,85237.43063274959,85674.67847579223,84281.22790229761,85240.85771880583,3749.783974105199
2023-03-12 06:00:00,85371.93088004737,85599.31096883149,85249.79331794739,85284.28262381865,5251.0035431501465
2023-03-12 07:00:00,85203.63543239681,85440.00059126846,84708.65780586963,85333.05688373245,4340.675865222833
2023-03-12 08:00:00,85336.26569043209,85429.80747671297,85019.31114471702,85382.51063101331,5486.74150215806
2023-03-12 09:00:00,85493.7309713162,85848.0246955599,85312.91289193448,85427.64861746396,4774.277368387865
2023-03-12 10:00:00,85411.76828565977,86192.83939484943,84487.58605996442,85479.5724944906,4011.127652364416
2023-03-12 11:00:00,85477.53161789692,87733.22465923594,85116.57945580294,85523.02400905176,6677.625442156134
2023-03-12 12:00:00,85492.57324102728,87065.75347902687,83659.20504485497,85577.26486388152,4732.101265841501
2023-03-12 13:00:00,85543.63961357251,87019.73563809511,84058.41465080566,85613.78654980427,5949.296498375315
2023-03-12 14:00:00,85670.05003635409,86116.25291526952,84806.42063879543,85662.10547007166,5362.995703432687
2023-03-12 15:00:00,85639.73864415518,88044.82062865066,81815.27553120533,85724.94245861715,5393.295138166481
2023-03-12 16:00:00,85743.19734517412,88303.040907494,84581.36290762681,85764.28234968659,5569.2893232700635
2023-03-12 17:00:00,85785.42190696656,85924.56357928341,85664.18447897998,85806.21922866037,4226.219421109342
2023-03-12 18:00:00,85865.0005227786,87748.22407026243,84673.23094023329,85857.70493922482,4294.2444377728025
2023-03-12 19:00:00,85778.75578353264,85945.57779604796,85220.26415436564,85906.53096246543,5135.491372316762
2023-03-12 20:00:00,86071.40574081302,88132.20047618434,85758.84163063113,85956.73960611457,5022.500388245439
2023-03-12 21:00:00,85974.38341992948,88481.43687743066,85327.959519719,86008.07025322784,3868.9313700650287
2023-03-12 22:00:00,86060.59730963432,86218.12873040917,83722.1121985228,86060.57803654036,5165.49156413314
2023-03-12 23:00:00,86019.72854804927,88234.33427513413,83423.5746375006,86116.89782376615,7117.324144370954
2023-03-13 00:00:00,86180.17752677553,87521.15013925443,86123.59132117612,86167.6300552632,5228.482177718191
2023-03-13 01:00:00,86164.61948695134,86353.79193761598,85996.66149614567,86213.1644884676,5030.80713499795
2023-03-13 02:00:00,86220.60216782753,87421.83074155405,84052.51492203774,86266.01970502062,3377.025037996436
2023-03-13 03:00:00,86423.44729629847,88878.80633504875,82517.54656381141,86328.7028423326,6868.527188073091
2023-03-13 04:00:00,86391.03797160606,86557.38293871633,79607.637049275,86375.13463378677,4732.682976832191
2023-03-13 05:00:00,86445.45695590615,87145.67751542895,86114.53701682606,86414.83936761576,5712.50444209216
2023-03-13 06:00:00,86349.23960181174,88018.28130236194,84606.19588799837,86471.20441810145,6009.585967891194
2023-03-13 07:00:00,86541.46576951335,87238.38661242748,86248.74029058235,86517.75654381451,6363.607295199699
2023-03-13 08:00:00,86600.82929725418,86629.3360993648,86432.52942333744,86547.89646862514,7299.969124386474
2023-03-13 09:00:00,86713.84422544707,88352.54181515603,85405.08405410736,86602.20256909623,6629.318517441612
2023-03-13 10:00:00,86600.24275236734,90515.74466502901,85280.50148651742,86645.45145994576,3886.9358988128224
2023-03-13 11:00:00,86676.10025186454,87052.19336182236,86384.27829934632,86692.26284662912,4731.378376061936
2023-03-13 12:00:00,86985.45580870018,87905.52814900604,82554.24309140463,86742.45783027988,4157.901310278611
2023-03-13 13:00:00,86863.22624951843,87570.7905321059,85914.44436325906,86791.52381261115,4629.977534162756
2023-03-13 14:00:00,86812.53019974435,86884.13871261504,86407.22473646808,86844.74361633648,5336.075412505346
2023-03-13 15:00:00,86932.21156087847,87700.86644485926,86638.3788566421,86888.80548407177,5358.8480726789185
2023-03-13 16:00:00,86882.63763285802,88709.36864181951,84431.21060568417,86940.45702891443,5182.914563620256
2023-03-13 17:00:00,87026.1285719753,87378.27328506799,83326.74598390894,86985.92766920343,4328.082689535009
2023-03-13 18:00:00,87137.06075079656,87626.59944114702,86798.65583603988,87039.38486297552,5181.78123258716
2023-03-13 19:00:00,87124.39576333412,87259.05240981886,86434.72188852265,87091.85359563626,3110.2965163784547
2023-03-13 20:00:00,87170.94341646669,87506.49049658954,86139.15470739242,87131.9143542221,6198.225393201287
2023-03-13 21:00:00,87301.47771505521,87657.01115867875,86724.63980385507,87188.1443534334,6810.522478420993
2023-03-13 22:00:00,87240.62256544713,87943.86928115536,83991.35511158698,87231.39606722975,5310.539637914204
2023-03-13 23:00:00,87216.16756788199,89603.59243737055,86319.8557191936,87285.39664158573,4972.030585513017
2023-03-14 00:00:00,87283.42139322397,87846.90707235005,87183.91440928978,87335.86716096375,4212.277566734481
2023-03-14 01:00:00,87569.71117305699,87702.28403093202,87254.57273829452,87398.1003853989,3472.5386438812957
2023-03-14 02:00:00,87464.37839542283,87613.10291071082,86804.78549643487,87443.83537912669,4149.434610496566
2023-03-14 03:00:00,87614.01665264671,89870.61038020064,85776.31831659908,87488.55797269894,3821.4272152298263
2023-03-14 04:00:00,87557.38054150411,89892.13320932472,83319.24996841664,87535.91359751184,5677.637101924888
2023-03-14 05:00:00,87655.60524328653,87667.90293490206,87580.10816919307,87580.99244976985,4399.170360904085
2023-03-14 06:00:00,87629.61741460502,88827.6123247923,86372.1633525374,87634.8890474861,3522.8355836876185
2023-03-14 07:00:00,87766.12027124187,87925.23150781143,87195.44410230013,87669.44786839366,5804.85593818008
2023-03-14 08:00:00,87716.86246723817,87979.17768960414,86570.73069518512,87708.49943775545,3422.771629080499
2023-03-14 09:00:00,87603.67740919554,88134.76140777588,85796.16296706285,87747.42925426805,4494.552790346473
2023-03-14 10:00:00,87879.0342421485,88837.29503420784,87723.06532782942,87802.49466304643,5684.714854049892
2023-03-14 11:00:00,87984.70656295071,92051.1391653536,86877.23040618515,87863.63273216035,2915.6683786571994
2023-03-14 12:00:00,87964.11365082732,88377.79210094133,86661.5986142779,87910.2400297031,5588.157264435866
2023-03-14 13:00:00,87959.15949482511,89069.99730072606,87729.40881541058,87956.32160075252,4445.406759567448
2023-03-14 14:00:00,88190.52111642015,91149.7632816622,84027.70350854089,88004.30295032424,4754.8275781486145
2023-03-14 15:00:00,88065.0766803798,90067.92980521225,84065.27687968164,88061.00724001435,5201.394558715281
2023-03-14 16:00:00,87926.68790167148,88109.89750308266,87902.42575920456,88100.98556264384,5638.9568142127455
2023-03-14 17:00:00,88111.92710284224,89996.4030956192,85249.9455490135,88150.2771101105,3891.5029092032164
2023-03-14 18:00:00,88235.15016797521,89670.49855740495,86714.41186404733,88205.4503083333,4015.586953824788
2023-03-14 19:00:00,88389.93599067643,94097.39830640653,85903.58188137253,88256.81728451596,3545.1078347106895
2023-03-14 20:00:00,88318.3439501001,89736.83249290018,87632.4007921615,88305.67836051849,6678.17992212487
2023-03-14 21:00:00,88344.9587976992,88482.410985077,88100.64675305095,88361.0169578983,4839.9613264206555
2023-03-14 22:00:00,88483.89539955927,89777.61542174833,87739.35878974796,88386.70674996394,4419.25890944355
2023-03-14 23:00:00,88426.60375486423,88440.17967522018,88424.09115423776,88439.43045193935,4096.706889220891
2023-03-15 00:00:00,88519.8357482908,89048.54547703124,85835.04719463058,88481.48323333812,6556.416035571767
2023-03-15 01:00:00,88246.92303458271,91121.71677144588,86934.38886985672,88514.10789425769,7006.408637712937
2023-03-15 02:00:00,88705.23786910808,90631.18972715808,85609.20718878169,88565.45123766786,6994.12374073444
2023-03-15 03:00:00,88484.34104678068,88741.69293795936,88334.66528420211,88623.67790010376,5074.887584371558
2023-03-15 04:00:00,88525.17262367852,90308.24881939047,86739.54480493885,88669.79906226152,6580.3397708229695
2023-03-15 05:00:00,88818.44570222081,88949.88757474678,85891.22913673488,88724.62586179555,4544.779419117294
2023-03-15 06:00:00,88740.57999143844,88809.84220320867,88537.75358474822,88784.71065266134,5853.0151882434975
2023-03-15 07:00:00,88673.26446297466,89081.02594285582,88651.66380239054,88842.39901572088,6222.807922133408
2023-03-15 08:00:00,88948.2364924073,89241.10710787834,88858.34833915372,88902.66999535348,5930.5333193245915
2023-03-15 09:00:00,88904.57410406537,88969.73218523731,88151.94594788327,88955.74024046969,5508.0122910546
2023-03-15 10:00:00,89023.60051219298,89150.77301118281,88730.60334342234,89003.45865499548,4540.258604936961
2023-03-15 11:00:00,89046.28781349819,89168.30708975207,89035.20210970506,89037.7393653176,6705.362356513084
2023-03-15 12:00:00,89077.12912072505,91860.54509922695,88420.34825655405,89082.84857766893,3884.753463623186
2023-03-15 13:00:00,89090.00184070376,89262.50524090364,88815.77454011668,89123.16138961758,4404.694302306018
2023-03-15 14:00:00,89212.9484187804,90649.91799762449,88545.13065483037,89187.56859863407,6645.354952270745
2023-03-15 15:00:00,89171.67553901087,89520.66806138965,88941.2125324911,89233.18188529392,4405.502277573278
2023-03-15 16:00:00,89180.79854120838,91176.13987035924,87829.07704250359,89281.16843942352,4618.762712727126
2023-03-15 17:00:00,89446.02184747027,89925.33725873151,89228.1399422311,89332.5616306778,4369.136489316591
2023-03-15 18:00:00,89441.79222427474,89758.116776162,88782.63946509226,89379.87201464338,4186.335424862447
2023-03-15 19:00:00,89469.00024509797,91280.07595930554,88070.65379489226,89440.3741207104,4466.1553561850815
2023-03-15 20:00:00,89362.67876549943,89485.62618936478,89274.75592308024,89482.31464782698,4949.919401143533
2023-03-15 21:00:00,89546.68260190194,91640.8199069078,87656.25690019841,89530.77315847359,5595.131185913769
2023-03-15 22:00:00,89596.96677299014,91199.27329835489,88153.1456259252,89571.7148924124,6419.064413357521
2023-03-15 23:00:00,89667.80415655782,93104.95639684278,84930.5446164273,89608.01599117501,4114.331815993584
2023-03-16 00:00:00,89584.62683017425,90384.79948572877,89214.54768096346,89649.96284420071,5865.67465116737
2023-03-16 01:00:00,89621.33745777451,91335.0477409731,87068.89749681037,89696.48724329268,5646.7439354186445
2023-03-16 02:00:00,89782.33034548159,89786.7629300706,89661.83402316015,89739.85318171178,4663.933303494259
2023-03-16 03:00:00,89645.47534548267,90113.06805759422,89318.70099269407,89781.09382215358,4625.609966793086
2023-03-16 04:00:00,89768.68187046863,92337.08083140792,88855.46569627275,89816.6029464638,4917.486481088606
2023-03-16 05:00:00,89787.65738876384,90894.25661165752,88123.46322937812,89862.67743973233,4303.058539861903
2023-03-16 06:00:00,89928.24723186425,90120.88176412499,89823.5789588256,89897.35872098869,4199.706718392623
2023-03-16 07:00:00,89946.95191990702,89967.13714763791,89913.93637043785,89950.13796644901,4714.313451907737
2023-03-16 08:00:00,89874.92878140877,94948.3590104284,89115.11124557804,89997.47609741536,5035.371417088639
2023-03-16 09:00:00,89963.03489602954,91016.56038096927,87916.83438893118,90032.47418988,4791.082042629128
2023-03-16 10:00:00,90243.35114909055,91098.30460198586,90001.34092908251,90076.6390042475,5247.846281901825
2023-03-16 11:00:00,90179.13532671025,90947.54266242955,85309.20464446118,90117.24032823849,5659.849612104565
2023-03-16 12:00:00,90071.91842124358,91551.9721776852,89372.6620823022,90166.39250829752,5917.7721505515
2023-03-16 13:00:00,90165.50741100768,91955.95297539819,88515.79773258569,90223.69523986331,7233.115917132176
2023-03-16 14:00:00,90347.86326431057,91403.32662646714,89859.87180524255,90255.25348223178,4329.456838583317
2023-03-16 15:00:00,90108.23912069839,90364.07761180798,90012.64307066245,90302.71397207527,5133.499419061372
2023-03-16 16:00:00,90233.60636647613,94367.17950220015,88666.6271615507,90347.95402983559,5289.338905642984
2023-03-16 17:00:00,90457.2529907593,90773.09347643309,90212.01852169407,90399.82690420863,5474.742104839891
2023-03-16 18:00:00,90431.5506784613,91698.38009165274,90094.70713285162,90448.01587426188,4031.664136746441
2023-03-16 19:00:00,90556.55605016692,90820.83772051243,89998.97258558526,90488.46498444917,5382.03370571601
2023-03-16 20:00:00,90559.48913616505,92281.62192342283,88253.96369160878,90532.35912509297,5944.214840251814
2023-03-16 21:00:00,90723.24537588593,90786.42290165076,90351.53012140664,90572.41945205962,5804.942573637347
2023-03-16 22:00:00,90698.01659454091,90802.9432628504,90552.87847846732,90627.43827401528,3687.511309663688
2023-03-16 23:00:00,90703.49391845932,91219.76426100393,90327.64837888048,90674.00204733701,4715.204443352567
2023-03-17 00:00:00,90774.86260306365,93149.71567229973,89120.95950571804,90735.58766741892,6084.477524857288
2023-03-17 01:00:00,90739.10125210938,91064.95700635378,90717.59716442946,90781.46160405254,4921.409204031181
2023-03-17 02:00:00,90810.39395922523,90872.30329604824,90518.80897065917,90822.13703058581,5941.619013551491
2023-03-17 03:00:00,90840.5044576752,90960.27863506289,90655.3112061914,90856.35379748644,6307.964192549343
2023-03-17 04:00:00,90740.64428867369,91657.6414600477,89810.59627030024,90888.23932218876,5124.37612230093
2023-03-17 05:00:00,90941.56596361446,95058.94630508256,89860.6567955393,90921.86141034847,5244.897301712729
2023-03-17 06:00:00,91022.45532830342,92852.95417820645,89882.99111694345,90970.27852116441,4121.878296394548
2023-03-17 07:00:00,91010.25334329801,91796.93767473729,90716.33618321754,91020.6137439327,4257.340834227622
2023-03-17 08:00:00,90951.04710172673,91261.28740595336,89960.27393831381,91054.21538366364,4995.737062356124
2023-03-17 09:00:00,91240.21117263827,92161.03854589045,90815.44237121403,91107.61303075627,7171.192861062495
2023-03-17 10:00:00,90997.5328787103,92169.3484410938,90996.05839802252,91149.97250525576,5826.453110858763
2023-03-17 11:00:00,91120.7878310827,92116.00407258858,90343.6502326016,91197.35789628042,5815.324166809014
2023-03-17 12:00:00,91199.6367315749,95113.28699989,89028.44719350176,91256.45426846344,6271.03009943114
2023-03-17 13:00:00,91282.60993948912,91580.52521629904,90401.90140377289,91309.81564106059,5408.610747563917
2023-03-17 14:00:00,91205.95694750301,92775.0294782531,91112.64148649025,91353.8426099577,4344.6724767992055
2023-03-17 15:00:00,91342.34404488324,91769.97238392544,90922.88152428267,91392.87736168945,6562.35450937323
2023-03-17 16:00:00,91580.02383224497,92457.69107445377,90722.8839763717,91421.81673719254,6323.340922489938
2023-03-17 17:00:00,91482.40624229638,91484.99666535133,91283.95095667253,91462.20756646275,6604.735012294853
2023-03-17 18:00:00,91536.83430403171,91592.34643155124,91359.7966422619,91506.65329955061,4402.721064153752
2023-03-17 19:00:00,91425.22377000969,91754.93341112287,90791.2670281176,91544.88193362334,4801.330866177097
2023-03-17 20:00:00,91499.1535663025,92246.08932109529,91338.33854733375,91589.94983355551,5678.549654621052
2023-03-17 21:00:00,91684.51132897034,93551.02181068012,90974.16848670278,91636.67509363852,3660.482076434963
2023-03-17 22:00:00,91769.55511437161,91820.8726550707,91083.25522404304,91680.9797979194,4883.511647368965
2023-03-17 23:00:00,91762.28005001634,91829.61142120603,90741.02437227072,91721.87706799012,5970.462636906666
2023-03-18 00:00:00,91774.32966580572,92273.03746092631,91530.88410903048,91769.3179797344,6060.8000718059475
2023-03-18 01:00:00,91725.4452274181,93612.88127580727,90567.02624885768,91818.9402215227,5976.138690066921
2023-03-18 02:00:00,91892.56041263636,92942.4410557452,88489.41226323738,91856.29945968853,5180.338690663887
2023-03-18 03:00:00,91825.48791777888,94832.23251904293,90497.20421854612,91913.66574896651,4817.098432576073
2023-03-18 04:00:00,92094.19350887988,94934.87535346896,89073.63998264285,91958.9529720437,6185.163031439341
2023-03-18 05:00:00,91941.34738669287,92571.23843727134,89829.89159351567,92005.17750656373,5910.90703503375
2023-03-18 06:00:00,92019.23473693599,92223.6093852525,91681.75822924738,92056.91549333991,3961.459142964244
2023-03-18 07:00:00,92067.74985129335,92451.95698848263,90723.94058913326,92104.8527649118,6805.668878116265
2023-03-18 08:00:00,92068.9404381117,96902.7149679392,86306.26656914946,92158.54942161527,7268.991611659454
2023-03-18 09:00:00,92089.77095578202,92541.67322286674,92052.24289846979,92206.91876223075,4887.0188768933895
2023-03-18 10:00:00,92278.93860198451,94235.82071060334,91712.19024134916,92248.09316918152,5661.152928661347
2023-03-18 11:00:00,92321.24480914812,93200.4317964603,91956.36180476172,92297.06144928382,5178.669775219072
2023-03-18 12:00:00,92292.47303997772,97095.86675551329,89858.90469934331,92333.99103694576,4533.772608282888
2023-03-18 13:00:00,92473.63475603938,93528.99223654233,90792.673403297,92380.94286882663,3273.7860380421107
2023-03-18 14:00:00,92400.87540909443,92509.98204964347,92218.16313695193,92426.76516342744,4653.895728219984
2023-03-18 15:00:00,92294.31032995143,95263.95206669594,91534.02495713315,92471.1939784989,4957.6681043397875
2023-03-18 16:00:00,92381.94756112476,93631.59291752921,92178.79047044607,92516.26589043773,6365.5603704321775
2023-03-18 17:00:00,92588.96998338806,92639.71073077394,92505.4196980293,92547.31863033281,6677.239592974457
2023-03-18 18:00:00,92581.50262087933,93834.31010889399,91516.85167194181,92589.0445529608,5506.587671697276
2023-03-18 19:00:00,92738.22640370092,93000.19044192976,91313.55376484375,92635.91210420718,4616.905078840206
2023-03-18 20:00:00,92658.34813145942,92813.8428433777,89815.26942143487,92683.32570899588,5860.33255941672
2023-03-18 21:00:00,92972.97114533854,100680.31064336907,91381.80602216607,92721.24992539074,5009.426360563773
2023-03-18 22:00:00,92722.8721350524,92885.8195492596,92641.91827656397,92777.53298238096,4905.727282769034
2023-03-18 23:00:00,92694.8562655375,92830.10284273706,92639.79846562012,92816.77367791698,5128.849621355915
2023-03-19 00:00:00,92976.38672650953,93118.16148183693,92779.58103468259,92870.71306349043,6297.297533925545
2023-03-19 01:00:00,92940.25692104107,92954.47492146755,92737.80061912166,92920.32892368593,4742.275438413705
2023-03-19 02:00:00,92951.74326853118,95012.08515539054,91330.72622640741,92961.37294143769,4695.332166244344
2023-03-19 03:00:00,92767.91163453793,93027.81472528118,92237.34222874723,93021.80575907027,3936.741313468722
2023-03-19 04:00:00,93005.1165054346,93107.9142643806,91597.21380449855,93058.50446204765,5316.273780259714
2023-03-19 05:00:00,93138.28179147278,95196.52938627638,90327.31274254761,93112.12394244601,6236.489512184176
2023-03-19 06:00:00,93119.90542860044,95670.10273242606,90389.77653190687,93166.4142887856,5708.2662196574
2023-03-19 07:00:00,93383.45047734866,93399.89105697603,92591.14463356738,93207.35545607843,4019.611748516525
2023-03-19 08:00:00,93233.43495535385,94492.44893347668,91852.32773885914,93264.82275778045,4355.104141355662
2023-03-19 09:00:00,93260.30601981486,95168.38036993431,92191.28151890442,93309.17243305092,6948.96311144762
2023-03-19 10:00:00,93444.2959520513,95061.29079197558,90838.51812322206,93357.85552369156,3228.577448556156
2023-03-19 11:00:00,93331.26328608606,94485.57678674842,92640.68181279373,93406.3361685422,4553.022447193959
2023-03-19 12:00:00,93454.98375332639,93751.27066443188,92559.93714013629,93451.68533957654,4007.131294621302
2023-03-19 13:00:00,93481.51899825568,94664.93407716228,92977.39839821041,93504.62206761506,3869.012611514414
2023-03-19 14:00:00,93457.05223167794,93757.30278085488,93148.95298178712,93557.4479177422,4846.499304430216
2023-03-19 15:00:00,93674.83225480159,94333.04685403313,93476.67944372029,93589.96634580052,4202.514502656211
2023-03-19 16:00:00,93711.61959024004,93813.31236959666,92503.99332646828,93646.9375671776,5459.637318074816
2023-03-19 17:00:00,93692.7174608384,94849.27813551409,92316.32412914713,93680.2050253267,4541.601636787206
2023-03-19 18:00:00,93767.13148642871,94099.59302055762,93014.3599067613,93735.06476936737,3575.028828184588
2023-03-19 19:00:00,93812.24263863801,95136.3010848285,87616.51550472809,93790.71085743824,5515.719619170136
2023-03-19 20:00:00,93780.2839581465,93899.23050537691,93775.85347516657,93828.64974402449,5111.981932621257
2023-03-19 21:00:00,93846.42375784845,95024.68945047453,92659.3134313493,93872.06512332235,5252.033979934877
2023-03-19 22:00:00,93960.52857418386,97876.00367378848,90459.26974826727,93909.95776548731,5734.425852809667
2023-03-19 23:00:00,93960.0298986741,95638.87086199126,92135.38592898831,93955.01417859641,5292.265456155712
2023-03-20 00:00:00,93943.95888281312,96152.54860020975,93700.28455097406,93999.36430880163,4773.3377962760005
2023-03-20 01:00:00,94009.8255755801,96150.8058383026,92435.02950289582,94052.45574708616,6253.734786219735
2023-03-20 02:00:00,93940.813616275,94452.27753413949,93574.28080827405,94109.83325195008,3890.390632096969
2023-03-20 03:00:00,94167.14845610992,97258.05583263403,92314.8137700988,94167.93577418872,5056.706648839266
2023-03-20 04:00:00,94207.85478420382,95500.3853453079,92925.85516570743,94210.41863900804,4796.831471015321
2023-03-20 05:00:00,94335.97940203751,94565.32897271327,94072.50485191037,94255.76937495009,4719.717286922819
2023-03-20 06:00:00,94328.22575948945,95695.56525757912,88070.55186438723,94289.37183082587,4165.661813417337
2023-03-20 07:00:00,94341.2054138693,95388.58156597092,94280.32372830766,94330.04143449354,4789.465059647008
2023-03-20 08:00:00,94317.30774895864,94576.89243305582,93992.7672024826,94384.92457033221,5380.067440573832
2023-03-20 09:00:00,94372.28141285726,96085.46281347261,94032.90306636062,94445.0624732999,6530.18562379656
2023-03-20 10:00:00,94290.97496686225,94970.47582597885,93989.39158282017,94482.45100234225,5034.393795307583
2023-03-20 11:00:00,94521.757912208,95145.76683655153,94154.66295801557,94525.02585271584,5841.632255765075
2023-03-20 12:00:00,94629.86601620233,94710.6574684181,94453.01025400369,94572.18158284287,3846.517469111356
2023-03-20 13:00:00,94307.59344811812,95035.15871388806,94250.25934204855,94621.84342960887,5563.6736542701565
2023-03-20 14:00:00,94695.75367742604,95804.56035351666,94633.93035621598,94662.84191185956,3320.4972070865965
2023-03-20 15:00:00,94696.03848308485,97634.95461560893,93846.39834862486,94713.76563692054,5018.230997137117
2023-03-20 16:00:00,94689.94152506463,94777.69774115091,94674.12303741199,94757.56326005666,3614.639481555506
2023-03-20 17:00:00,94768.26180808814,95733.42567758444,93687.52095875349,94805.09425720593,3326.9159874942598
2023-03-20 18:00:00,94776.01766529265,96857.22970535449,93636.78021804444,94857.17060114162,7441.255845265339
2023-03-20 19:00:00,95086.94887486605,96046.14164527606,94046.74246834172,94904.98868190557,4618.228803325957
2023-03-20 20:00:00,94990.8670277843,95636.00768783552,93262.01085310576,94949.32610859621,8287.76118738874
2023-03-20 21:00:00,94965.39673114492,95026.73409592373,94900.30322293758,94996.34073403203,5122.728907705484
2023-03-20 22:00:00,95031.75196858137,97887.9533880633,94636.31923169132,95043.58950315794,4535.598218590089
2023-03-20 23:00:00,95200.01056668215,95491.1810170059,91625.91997076366,95088.65043531718,3774.107736560054
2023-03-21 00:00:00,95166.66358691176,95177.44333204508,95120.85076718612,95134.66761301477,4407.200766821353
2023-03-21 01:00:00,94968.7835194135,95244.66517996884,94940.8546451171,95195.61203986463,6207.503194951921
2023-03-21 02:00:00,95265.51281269945,95616.71925324247,93236.17952895221,95248.32352474041,6262.57740696415
2023-03-21 03:00:00,95248.94290295948,95367.00602494412,95222.52380807242,95294.25386659607,4565.9666456764
2023-03-21 04:00:00,95388.27069757378,96013.06331541797,94018.70930674531,95348.19491517144,6862.869121400177
2023-03-21 05:00:00,95498.84437906266,95582.48418691556,95112.11691231535,95393.96217364285,6061.509157175844
2023-03-21 06:00:00,95460.83769749757,96747.49638542185,92767.24688131339,95451.85855632173,4959.962792478901
2023-03-21 07:00:00,95473.81057642524,97802.37671200164,93002.58731507492,95503.40181854164,4716.313779072827
2023-03-21 08:00:00,95273.27939029339,98627.11533837259,92969.94525804835,95551.20543061722,4180.28497713261
2023-03-21 09:00:00,95631.25489923437,95884.57447774668,95220.27061246267,95603.52626251298,4049.8954308543507
2023-03-21 10:00:00,95677.68050262888,97146.19795692118,91980.37853582641,95639.77657678867,5971.344284541481
2023-03-21 11:00:00,95828.64776720776,96327.89433297186,94008.6348309794,95679.65914404894,6369.868223361911
2023-03-21 12:00:00,95825.39803920429,96163.56110976063,94597.12506346128,95719.0849875705,5186.0930208759355
2023-03-21 13:00:00,95790.69417325055,99475.16431917026,92164.39809578887,95769.28746178116,4052.4692590278883
2023-03-21 14:00:00,95823.64116053098,98656.67816272686,93098.30285182052,95832.28934245626,5430.142974315371
2023-03-21 15:00:00,95939.89529288023,97904.10803773125,95783.95040723175,95899.36547665918,3883.935823928105
2023-03-21 16:00:00,95844.11106903943,96343.06241080715,95316.85626428915,95953.78072751923,6069.44738812419
2023-03-21 17:00:00,96024.92368423734,96026.89569714588,96002.65156542318,96007.1845663308,4323.945633451195
2023-03-21 18:00:00,96017.95352309538,96843.67341232488,95976.50725255236,96042.2605554232,4408.85317007439
2023-03-21 19:00:00,96035.85828217334,96383.43281548836,95267.77352394805,96087.4921057319,4280.678313191826
2023-03-21 20:00:00,96175.20049717945,96284.62100431988,96014.28628430645,96130.85238250512,5555.39886065174
2023-03-21 21:00:00,96117.35738541315,98140.06933993113,95476.46826189646,96175.63886524134,4032.2476604529
2023-03-21 22:00:00,96112.35028131088,98758.651012022,94704.49692640557,96224.13879966974,5012.575769600314
2023-03-21 23:00:00,96112.72467338125,100484.55197315702,95127.01518051061,96270.30008003,4879.502586100641
2023-03-22 00:00:00,96351.32935329321,100306.17168211666,95941.10941100637,96304.4976986729,4455.725567075462
2023-03-22 01:00:00,96283.09933204396,96829.57914899485,93621.38975984695,96360.6080954824,4251.188328976423
2023-03-22 02:00:00,96653.13435634288,97263.884929459,95229.23606608101,96402.24944227675,4632.885829927689
2023-03-22 03:00:00,96420.7803526187,96509.51453772523,96407.52794791246,96454.4839559136,5907.85238490987
2023-03-22 04:00:00,96649.4347312985,96750.49342843953,95931.97185668863,96521.49546784806,7177.320381042222
2023-03-22 05:00:00,96493.32255727415,98774.66032368234,87652.62888553482,96564.65861008527,6806.858884146512
2023-03-22 06:00:00,96563.09496094118,103597.27780764093,95499.98657178484,96595.03494598862,5977.263370303122
2023-03-22 07:00:00,96638.68638513412,96730.91671197403,96565.87260992185,96643.4670060877,5608.4916486780785
2023-03-22 08:00:00,96700.05388825345,97775.14182025137,94593.10396039946,96703.09726722738,5509.887247921195
2023-03-22 09:00:00,96880.68138636925,96970.79476215379,96480.86691460684,96769.69014500038,5985.9483833147215
2023-03-22 10:00:00,96781.78922111816,97581.70293491139,91935.37225517066,96810.88437563002,2875.972924121149
2023-03-22 11:00:00,97007.9837915657,98468.4611949118,96167.60236808556,96865.99413226347,4551.40312689088
2023-03-22 12:00:00,96856.21756056836,99559.37401207491,95782.0816854528,96913.51434396418,5101.422964239658
2023-03-22 13:00:00,97045.7357280056,97833.16522052528,96821.36882236943,96964.01697264696,3316.6178669571746
2023-03-22 14:00:00,97037.37501397461,101186.596243347,90445.3592474382,97036.63043315004,2938.4768878877503
2023-03-22 15:00:00,97077.79610699564,97645.05172131538,95360.81958008303,97076.1748506846,4042.072160504732
2023-03-22 16:00:00,97102.0341279842,100886.25827963057,96952.04829772394,97129.8833727625,6182.900489387524
2023-03-22 17:00:00,97293.66607477414,100052.79046268985,96885.39765938839,97185.41489548975,6307.135423150714
2023-03-22 18:00:00,97417.39694501,99067.45382467691,96724.33927642455,97246.00347349714,4496.836480953643
2023-03-22 19:00:00,97237.54409796333,99730.02649151218,96391.73432701892,97298.80286301313,3543.9535066535664
2023-03-22 20:00:00,97414.54253914874,99367.30359964722,95531.57091520395,97353.39694445705,5513.6092944152215
2023-03-22 21:00:00,97328.61259704115,98311.46167477405,95683.57200655488,97402.50849077608,4901.391600995323
2023-03-22 22:00:00,97461.31660062031,101912.69477109407,96313.69361333096,97457.0221925177,5585.521532856867
2023-03-22 23:00:00,97542.93441967343,99938.4561796933,94748.06812376564,97506.75417403592,6744.103184465978
2023-03-23 00:00:00,97466.43551001116,97714.12546656787,96923.98262531322,97564.32197288444,6433.88446819627
2023-03-23 01:00:00,97665.74600207883,99507.56227167406,96934.78916000131,97614.07887657748,5532.022432272786
2023-03-23 02:00:00,97908.80701522439,99792.96175193811,97282.37224051318,97669.92887536353,4227.166269111036
2023-03-23 03:00:00,97689.42410241702,98157.76601758828,97416.37386257772,97722.64821211422,5134.801423290203
2023-03-23 04:00:00,97773.25018431354,97788.6265095618,97769.08746044073,97784.73111896336,5873.0660663321
2023-03-23 05:00:00,97878.50162058795,101493.89592609683,97480.27162872824,97837.5163489615,3344.3606398299175
2023-03-23 06:00:00,98020.97000498536,99192.84130458446,97545.4479866894,97876.65114053203,4400.644294947003
2023-03-23 07:00:00,97949.4960680623,102131.99861043482,96938.91690896454,97940.18901901669,5242.450180635819
2023-03-23 08:00:00,98066.66208368524,98298.93319632065,97975.10223151084,97986.50989275916,4929.953556272035
2023-03-23 09:00:00,98016.57015550288,99512.39283881002,98006.11508268319,98034.97147708094,3917.1594711316566
2023-03-23 10:00:00,98155.34272704255,100342.3131088494,96319.93823869334,98084.02362838779,6302.928421945811
2023-03-23 11:00:00,98008.50066244508,98240.38297007026,97554.85854780303,98148.96303153785,4157.704283229931
2023-03-23 12:00:00,98125.89767778634,98473.83672045713,98056.72060012106,98185.94870930194,3863.6248332961427
2023-03-23 13:00:00,98200.78422519975,98771.33000198258,97470.60958408107,98265.24964449373,5679.381373011906
2023-03-23 14:00:00,98476.02856032937,103282.27034609187,98270.71103924196,98328.02560960413,6322.926160335532
2023-03-23 15:00:00,98200.65902856928,99209.57458661497,96323.46299926855,98384.26826927999,3508.9200763885265
2023-03-23 16:00:00,98441.7768337317,98442.26030424418,98437.99775052372,98438.41576296331,5072.249134236203
2023-03-23 17:00:00,98355.35113839825,98733.54553987786,97166.69608665632,98495.41738362073,5869.572518653421
2023-03-23 18:00:00,98431.12066391169,99008.01575587624,95928.83068002327,98554.4347238224,5645.598078959545
2023-03-23 19:00:00,98702.32946403997,99286.53167725928,98447.12084715664,98614.5765975073,5662.306896647968
2023-03-23 20:00:00,98534.56305830521,99453.41574468037,97200.46784956295,98674.13397098577,3881.7680606439685
2023-03-23 21:00:00,98896.03828881228,98899.68380180023,97402.50497178387,98730.09612836022,5123.018673526755
2023-03-23 22:00:00,98722.9734739405,99255.06117508393,96978.6325100031,98783.89647727685,3556.0710775077728
2023-03-23 23:00:00,98835.99451063694,98851.30039097847,98764.48557021008,98838.19944645533,5104.514036075821
2023-03-24 00:00:00,98795.8152901552,99800.82907309476,98173.04633665581,98892.28797415226,5071.420832581093
2023-03-24 01:00:00,99059.36126817983,99341.56555457145,98465.2698988805,98957.141091072,4786.567302912075
2023-03-24 02:00:00,99032.88555102989,100176.19704974226,98611.98810302757,99017.80817118582,4436.15166814014
2023-03-24 03:00:00,99026.83399333259,103785.81096652622,97220.79800674687,99050.33985078038,5028.320263677764
2023-03-24 04:00:00,99011.15105130286,99632.32709516092,97643.76916851742,99111.7784841962,4827.186648106594
2023-03-24 05:00:00,99163.0600980969,104150.90353166226,98408.60606864959,99169.66489962864,5452.274377648579
2023-03-24 06:00:00,99206.73197444432,100584.33111844525,96342.66212937464,99225.98129810348,4643.572879474921
2023-03-24 07:00:00,99260.138577617,100204.07306539021,98354.0443231838,99279.47718937993,4376.40311966736
2023-03-24 08:00:00,99312.09279931415,99400.10855592633,99298.78485984572,99345.21251178569,5040.52294231701
2023-03-24 09:00:00,99397.68083611474,99939.1768537364,99124.05385313109,99409.6739207984,4285.335883159008
2023-03-24 10:00:00,99662.53133586963,100315.95349761972,99261.0103629011,99460.51125183374,4612.511336730309
2023-03-24 11:00:00,99487.96229608875,99658.30667759967,98646.59896515917,99520.92753934581,6037.171472532004
2023-03-24 12:00:00,99446.7007284901,102428.88129659252,98215.85252849969,99570.45401659874,4757.333538572878
2023-03-24 13:00:00,99670.97454401595,108963.45198546894,96071.46812377061,99616.85699262585,4946.787563727017
2023-03-24 14:00:00,99538.3834166562,99737.68686909569,99175.48057224875,99669.42367784445,3896.2414373976835
2023-03-24 15:00:00,99811.22594494607,100246.72592657928,99436.62077654457,99734.04404484462,4502.630466859737
2023-03-24 16:00:00,99830.3748262677,100021.4073776373,98927.11342738452,99799.53133818689,4503.123872658472
2023-03-24 17:00:00,100105.28951360237,100149.74368919877,99771.44692101568,99861.63964879197,4167.610555030557
2023-03-24 18:00:00,100143.15294281216,100535.54290751963,99034.31204776636,99925.58561999924,4624.071754528643
2023-03-24 19:00:00,100067.16708320673,100365.87560699049,99653.14532927044,99988.00205512202,6658.86969445533
2023-03-24 20:00:00,100120.39911015843,101671.33265831608,99135.9359495667,100041.29922413603,7017.775813175065
2023-03-24 21:00:00,100161.11171383444,100288.65761139501,100030.80573062111,100103.32583100055,3799.181000164959
2023-03-24 22:00:00,99912.758740934,101195.30658020971,92271.56422509182,100168.44271292414,4168.71210451811
2023-03-24 23:00:00,100372.14343140865,100762.50028355124,99413.36446868001,100233.33318564523,6065.963719731826
2023-03-25 00:00:00,100305.61133601032,100348.6334936071,100266.42838186414,100301.84331083459,4174.902700054476
2023-03-25 01:00:00,100374.4684879411,100518.47558508808,100330.73986268102,100366.65135833544,2292.434306327892
2023-03-25 02:00:00,100283.12413771228,100938.33201532227,99854.67540787089,100428.74746416473,4336.661676487698
2023-03-25 03:00:00,100517.18545438949,104416.5872622024,99510.92099442366,100496.73617717176,7236.971077061629
2023-03-25 04:00:00,100527.48533407006,107302.56567364938,99722.93389385127,100556.09457914194,5642.717152631483
2023-03-25 05:00:00,100616.53673589483,101906.01520355786,96916.84105089816,100608.75326744284,6712.3046874376
2023-03-25 06:00:00,100521.22683731694,101094.5831437208,99524.9863073562,100667.30556573023,5451.347547864632
2023-03-25 07:00:00,100714.0115711172,102715.34051041208,100474.41298463197,100721.34634457178,4053.6861772522034
